,zip,beta_2996,beta_combination
0,6203.05,1.0,1.0
1,6202.01,1.0,1.0
2,2766.01,1.0,1.0
3,2781.02,1.0,1.0
4,6203.03,1.0,2.0
5,6210.02,1.0,1.0
6,6203.01,1.0,2.0
7,6025.07,1.0,2.0
8,6209.01,1.0,1.0
9,6703.26,1.0,3.0
10,2766.03,1.0,1.0
11,6506.05,1.0,2.0
12,2766.04,1.0,1.0
13,6209.04,1.0,1.0
14,6500.04,1.0,1.0
15,6500.01,1.0,1.0
16,6703.28,1.0,2.0
17,6210.01,1.0,2.0
18,6500.03,1.0,1.0
19,6211.04,1.0,1.0
20,6211.02,1.0,1.0
21,6507.01,1.0,2.0
22,6503.0,1.0,1.0
23,6210.04,1.0,1.0
24,6502.0,1.0,1.0
25,2742.02,1.0,1.0
26,6207.01,1.0,2.0
27,6200.02,1.0,2.0
28,2764.0,1.0,1.0
29,6201.01,1.0,3.0
30,6501.02,1.0,1.0
31,6201.02,1.0,2.0
32,2765.0,1.0,1.0
33,6205.22,1.0,1.0
34,6040.02,1.0,3.0
35,6037.02,1.0,2.0
36,6025.04,1.0,1.0
37,6207.02,1.0,1.0
38,6214.0,1.0,1.0
39,6513.04,1.0,1.0
40,9007.03,1.0,3.0
41,6504.01,1.0,2.0
42,6024.04,1.0,2.0
43,6029.0,1.0,2.0
44,9007.05,1.0,2.0
45,6035.0,1.0,2.0
46,6212.04,1.0,2.0
47,6038.02,1.0,2.0
48,9008.05,1.0,2.0
49,6206.02,1.0,1.0
50,6025.08,1.0,2.0
51,6213.26,1.0,1.0
52,2780.01,1.0,1.0
53,6033.02,1.0,2.0
54,6512.01,1.0,1.0
55,6200.01,1.0,2.0
56,6038.01,1.0,3.0
57,6501.01,1.0,2.0
58,6041.0,1.0,2.0
59,6506.02,1.0,1.0
60,6512.21,1.0,2.0
61,6212.01,1.0,3.0
62,6703.24,1.0,1.0
63,6025.06,1.0,2.0
64,6039.0,1.0,2.0
65,6213.01,1.0,2.0
66,6040.01,1.0,2.0
67,6205.21,1.0,1.0
68,6204.0,1.0,1.0
69,6505.02,1.0,3.0
70,6037.04,1.0,2.0
71,6507.02,1.0,1.0
72,6206.01,1.0,2.0
73,6512.22,1.0,2.0
74,6025.05,1.0,2.0
75,6033.01,1.0,1.0
76,9007.01,1.0,4.0
77,6037.03,1.0,2.0
78,6506.03,1.0,1.0
79,2756.02,1.0,1.0
80,9008.04,1.0,3.0
81,9012.05,1.0,2.0
82,9008.06,1.0,3.0
83,6208.0,1.0,2.0
84,6036.0,1.0,1.0
85,6505.01,1.0,1.0
86,9010.11,1.0,3.0
87,6704.13,1.0,1.0
88,6205.01,1.0,1.0
89,9201.06,1.0,3.0
90,2741.0,1.0,2.0
91,6031.01,1.0,2.0
92,9006.02,1.0,2.0
93,9012.13,1.0,1.0
94,9006.07,1.0,3.0
95,6704.07,1.0,3.0
96,6034.0,1.0,1.0
97,9006.06,1.0,3.0
98,6213.24,1.0,2.0
99,9010.08,1.0,3.0
100,6704.06,1.0,1.0
101,2772.0,1.0,2.0
102,6027.0,1.0,1.0
103,9010.09,1.0,3.0
104,9008.03,1.0,2.0
105,6023.02,1.0,1.0
106,9009.0,1.0,1.0
107,6706.02,1.0,1.0
108,6025.09,1.0,3.0
109,876.02,2.0,3.0
110,6030.05,2.0,2.0
111,9102.1,2.0,3.0
112,6026.0,2.0,2.0
113,6030.04,2.0,3.0
114,9102.07,2.0,2.0
115,6704.11,2.0,3.0
116,9102.06,2.0,2.0
117,9010.1,2.0,4.0
118,877.04,2.0,3.0
119,876.01,2.0,2.0
120,9103.02,2.0,2.0
121,2911.2,2.0,3.0
122,9102.08,2.0,2.0
123,6024.02,2.0,3.0
124,6704.16,2.0,1.0
125,6028.02,2.0,2.0
126,6704.05,2.0,2.0
127,6032.0,2.0,2.0
128,6030.06,2.0,2.0
129,2911.3,2.0,2.0
130,9010.07,2.0,3.0
131,9010.04,2.0,1.0
132,6511.02,2.0,3.0
133,6004.0,2.0,1.0
134,6030.01,2.0,2.0
135,6702.02,2.0,3.0
136,1394.02,2.0,3.0
137,2753.02,2.0,1.0
138,113.0,2.0,1.0
139,2911.1,2.0,3.0
140,7021.02,2.0,3.0
141,2754.0,2.0,2.0
142,6704.03,2.0,3.0
143,2739.02,2.0,2.0
144,9011.01,2.0,3.0
145,6508.0,2.0,2.0
146,9104.01,2.0,3.0
147,6024.03,2.0,3.0
148,5409.01,2.0,2.0
149,9005.01,2.0,4.0
150,6028.01,2.0,3.0
151,2734.02,2.0,3.0
152,883.01,2.0,2.0
153,2733.0,2.0,3.0
154,9011.02,2.0,1.0
155,9007.04,2.0,3.0
156,9102.02,2.0,2.0
157,887.02,2.0,2.0
158,2770.0,2.0,1.0
159,6509.01,2.0,1.0
160,6023.01,2.0,2.0
161,871.06,2.0,3.0
162,1394.01,2.0,3.0
163,6005.01,2.0,1.0
164,1395.03,2.0,1.0
165,1393.02,2.0,3.0
166,2738.0,2.0,3.0
167,886.01,2.0,3.0
168,2771.0,2.0,1.0
169,6015.02,2.0,3.0
170,2753.11,2.0,3.0
171,6005.02,2.0,1.0
172,9005.06,2.0,1.0
173,6020.02,2.0,2.0
174,7028.03,2.0,2.0
175,1393.03,2.0,3.0
176,7020.02,2.0,3.0
177,9102.09,2.0,3.0
178,6031.02,2.0,2.0
179,883.02,2.0,2.0
180,2760.0,2.0,2.0
181,887.01,2.0,3.0
182,2755.0,2.0,3.0
183,9006.08,2.0,2.0
184,1395.04,2.0,2.0
185,2736.0,2.0,3.0
186,9103.01,2.0,3.0
187,6509.02,2.0,2.0
188,2722.02,2.0,2.0
189,9200.13,2.0,1.0
190,889.01,2.0,2.0
191,9203.13,2.0,3.0
192,6513.02,2.0,2.0
193,9203.12,2.0,2.0
194,9200.17,2.0,2.0
195,6003.02,2.0,2.0
196,6006.01,2.0,1.0
197,9203.14,2.0,2.0
198,9005.05,2.0,3.0
199,6021.03,2.0,3.0
200,882.02,2.0,2.0
201,871.03,2.0,3.0
202,6511.01,2.0,2.0
203,2406.0,2.0,3.0
204,9102.01,2.0,1.0
205,875.05,2.0,3.0
206,19.03,2.0,1.0
207,9203.22,2.0,3.0
208,9006.09,2.0,2.0
209,6020.04,2.0,1.0
210,6705.0,2.0,2.0
211,1392.0,2.0,3.0
212,6510.01,2.0,2.0
213,2722.01,2.0,1.0
214,880.02,2.0,2.0
215,9108.1,2.0,3.0
216,6016.0,2.0,3.0
217,6003.03,2.0,2.0
218,2912.1,2.0,2.0
219,5435.01,2.0,4.0
220,5409.02,2.0,1.0
221,7022.02,2.0,3.0
222,2626.01,2.0,1.0
223,6514.01,2.0,4.0
224,1101.16,2.0,2.0
225,6003.04,2.0,1.0
226,15.05,2.0,2.0
227,2732.0,2.0,4.0
228,1331.0,2.0,3.0
229,6021.06,2.0,3.0
230,1329.0,2.0,2.0
231,19.01,2.0,1.0
232,6018.02,2.0,2.0
233,2932.01,2.0,3.0
234,2400.2,2.0,4.0
235,2405.0,2.0,3.0
236,2731.0,2.0,4.0
237,15.03,2.0,1.0
238,9201.19,2.0,2.0
239,2912.2,2.0,2.0
240,9012.1,2.0,3.0
241,16.01,2.0,2.0
242,866.02,2.0,2.0
243,2402.0,2.0,3.0
244,2735.02,2.0,3.0
245,6020.03,2.0,1.0
246,1112.05,2.0,3.0
247,1398.01,2.0,2.0
248,2721.0,2.0,2.0
249,6700.02,2.0,4.0
250,9201.12,2.0,1.0
251,5436.02,2.0,2.0
252,2932.02,2.0,3.0
253,1112.04,2.0,2.0
254,1375.04,2.0,2.0
255,882.03,2.0,3.0
256,5029.02,2.0,3.0
257,6002.01,2.0,1.0
258,110.0,2.0,1.0
259,889.02,2.0,2.0
260,7015.02,2.0,1.0
261,2913.0,2.0,2.0
262,6006.02,2.0,1.0
263,2920.0,2.0,2.0
264,871.05,2.0,3.0
265,877.03,2.0,3.0
266,6022.0,2.0,3.0
267,9201.16,2.0,2.0
268,1153.01,2.0,3.0
269,2413.0,2.0,2.0
270,7018.02,2.0,2.0
271,2412.02,2.0,2.0
272,6702.01,2.0,3.0
273,880.01,2.0,2.0
274,111.01,2.0,2.0
275,6019.0,2.0,1.0
276,868.02,2.0,1.0
277,6021.04,2.0,3.0
278,6014.02,2.0,2.0
279,1395.02,2.0,2.0
280,6514.02,2.0,2.0
281,1310.2,2.0,3.0
282,9203.3,2.0,1.0
283,2404.01,2.0,2.0
284,882.01,2.0,3.0
285,2407.0,2.0,4.0
286,9203.31,2.0,1.0
287,865.01,2.0,3.0
288,6700.03,2.0,4.0
289,872.0,2.0,3.0
290,6017.0,2.0,3.0
291,1082.01,2.0,2.0
292,9005.04,2.0,3.0
293,6021.05,2.0,3.0
294,1396.0,2.0,3.0
295,7015.01,2.0,1.0
296,7019.02,2.0,2.0
297,9203.36,2.0,2.0
298,117.08,2.0,2.0
299,112.0,2.0,2.0
300,6510.02,2.0,2.0
301,6701.0,2.0,3.0
302,9108.04,2.0,3.0
303,5552.12,2.0,4.0
304,1152.01,2.0,3.0
305,2737.0,2.0,3.0
306,19.02,2.0,1.0
307,2756.03,2.0,3.0
308,9200.45,2.0,2.0
309,9201.02,2.0,1.0
310,2412.01,2.0,2.0
311,9200.16,2.0,2.0
312,7022.01,2.0,2.0
313,1151.04,2.0,2.0
314,7014.02,2.0,1.0
315,116.02,2.0,2.0
316,5545.19,2.0,3.0
317,15.04,2.0,2.0
318,1398.02,2.0,2.0
319,7030.01,2.0,3.0
320,9201.04,2.0,1.0
321,1393.01,2.0,1.0
322,870.02,2.0,2.0
323,9203.34,2.0,2.0
324,5428.0,2.0,1.0
325,886.02,2.0,3.0
326,864.07,2.0,1.0
327,1397.03,2.0,1.0
328,9200.44,2.0,2.0
329,1323.0,2.0,1.0
330,1318.0,2.0,2.0
331,9201.15,2.0,2.0
332,878.06,2.0,2.0
333,1327.0,2.0,2.0
334,9201.14,2.0,2.0
335,2404.02,2.0,2.0
336,1081.04,2.0,2.0
337,1133.01,2.0,3.0
338,1081.03,2.0,3.0
339,877.01,2.0,2.0
340,1103.04,2.0,2.0
341,1133.22,2.0,3.0
342,2933.04,2.0,4.0
343,5436.01,2.0,4.0
344,5429.0,2.0,2.0
345,1103.01,2.0,4.0
346,6700.01,2.0,3.0
347,114.01,2.0,2.0
348,17.06,2.0,2.0
349,2626.04,2.0,3.0
350,9203.28,2.0,1.0
351,9203.32,2.0,3.0
352,1133.03,2.0,3.0
353,7017.02,2.0,2.0
354,9201.1,2.0,1.0
355,1081.02,2.0,2.0
356,6002.02,2.0,1.0
357,9201.08,2.0,2.0
358,2933.02,2.0,2.0
359,7018.01,2.0,1.0
360,5408.0,2.0,2.0
361,9800.19,2.0,2.0
362,9201.11,2.0,2.0
363,5431.0,2.0,2.0
364,117.12,2.0,3.0
365,9006.05,2.0,1.0
366,2933.06,2.0,3.0
367,2751.02,2.0,3.0
368,879.02,2.0,3.0
369,116.01,2.0,2.0
370,2403.0,2.0,2.0
371,114.03,2.0,2.0
372,9201.07,2.0,2.0
373,998.03,2.0,1.0
374,7012.01,2.0,1.0
375,2714.0,2.0,3.0
376,5435.03,2.0,2.0
377,1325.02,2.0,3.0
378,5433.21,2.0,2.0
379,5552.02,2.0,3.0
380,9203.37,2.0,3.0
381,1313.0,2.0,3.0
382,1113.02,2.0,2.0
383,868.01,2.0,1.0
384,871.02,2.0,3.0
385,1330.0,2.0,2.0
386,867.01,2.0,1.0
387,9200.15,2.0,2.0
388,16.02,2.0,1.0
389,888.01,2.0,2.0
390,1113.01,2.0,2.0
391,867.02,2.0,3.0
392,9200.18,2.0,2.0
393,1390.01,2.0,3.0
394,866.01,2.0,3.0
395,1317.02,2.0,3.0
396,1101.15,2.0,3.0
397,2761.0,2.0,1.0
398,884.01,2.0,2.0
399,9005.07,2.0,2.0
400,881.01,2.0,2.0
401,878.02,2.0,2.0
402,1151.01,2.0,2.0
403,881.05,2.0,3.0
404,115.02,2.0,3.0
405,1132.12,2.0,3.0
406,6014.01,2.0,1.0
407,5545.11,2.0,2.0
408,1312.0,2.0,2.0
409,5436.03,2.0,1.0
410,2933.01,2.0,1.0
411,5430.0,2.0,2.0
412,874.05,2.0,3.0
413,2408.0,2.0,3.0
414,2400.1,2.0,3.0
415,762.01,2.0,1.0
416,115.03,2.0,2.0
417,1325.01,2.0,3.0
418,5737.0,2.0,2.0
419,5501.0,2.0,2.0
420,1375.01,2.0,3.0
421,1373.02,2.0,1.0
422,117.07,2.0,3.0
423,5551.02,2.0,3.0
424,2411.2,2.0,3.0
425,2410.02,2.0,2.0
426,873.0,2.0,3.0
427,9201.18,2.0,2.0
428,865.02,2.0,2.0
429,18.02,2.0,1.0
430,879.01,2.0,2.0
431,2397.02,2.0,3.0
432,9203.38,2.0,2.0
433,9003.0,2.0,1.0
434,6007.02,2.0,1.0
435,5435.02,2.0,3.0
436,2752.0,2.0,2.0
437,7013.02,2.0,1.0
438,1370.0,2.0,1.0
439,864.04,2.0,1.0
440,2398.02,2.0,4.0
441,1066.41,2.0,1.0
442,117.14,2.0,2.0
443,9200.2,2.0,3.0
444,114.02,2.0,2.0
445,111.02,2.0,2.0
446,881.04,2.0,3.0
447,2380.0,2.0,1.0
448,117.09,2.0,2.0
449,1152.02,2.0,2.0
450,888.02,2.0,1.0
451,117.16,2.0,2.0
452,5436.04,2.0,2.0
453,17.05,2.0,3.0
454,9203.29,2.0,2.0
455,2398.01,2.0,4.0
456,115.04,2.0,2.0
457,1314.0,2.0,3.0
458,1081.01,2.0,2.0
459,6707.02,2.0,3.0
460,117.21,2.0,2.0
461,2944.1,2.0,2.0
462,5410.01,2.0,1.0
463,6012.11,2.0,1.0
464,1112.02,2.0,2.0
465,7023.0,2.0,2.0
466,2719.02,2.0,1.0
467,117.17,2.0,3.0
468,1102.01,2.0,2.0
469,2723.01,2.0,1.0
470,9201.09,2.0,2.0
471,1131.02,2.0,2.0
472,1319.0,2.0,2.0
473,2723.02,2.0,1.0
474,6010.02,2.0,1.0
475,117.22,2.0,2.0
476,1173.02,2.0,2.0
477,18.01,2.0,1.0
478,761.02,2.0,3.0
479,1132.35,2.0,2.0
480,5411.0,2.0,2.0
481,9005.08,2.0,2.0
482,5437.01,2.0,3.0
483,1104.02,2.0,1.0
484,1082.02,2.0,2.0
485,864.05,2.0,2.0
486,2411.1,2.0,3.0
487,863.01,2.0,1.0
488,2414.0,2.0,2.0
489,2410.01,2.0,3.0
490,1349.05,2.0,2.0
491,1311.0,2.0,2.0
492,5552.11,2.0,3.0
493,83.04,2.0,2.0
494,5550.02,2.0,2.0
495,9108.13,2.0,3.0
496,5438.02,2.0,3.0
497,15.01,2.0,3.0
498,1320.01,2.0,1.0
499,9200.12,2.0,3.0
500,1106.06,2.0,3.0
501,1321.02,2.0,2.0
502,5425.01,2.0,2.0
503,863.03,2.0,3.0
504,2395.02,2.0,3.0
505,1132.11,2.0,3.0
506,218.2,2.0,2.0
507,1349.04,2.0,3.0
508,6010.01,2.0,1.0
509,878.03,2.0,2.0
510,2409.0,2.0,3.0
511,8002.03,2.0,1.0
512,5545.14,2.0,2.0
513,9203.26,2.0,2.0
514,5551.04,2.0,3.0
515,1154.01,2.0,3.0
516,8002.02,2.0,2.0
517,5545.22,2.0,3.0
518,5351.01,2.0,3.0
519,5742.02,2.0,3.0
520,9203.39,2.0,2.0
521,6011.0,2.0,1.0
522,1317.01,2.0,3.0
523,881.07,2.0,3.0
524,5545.18,2.0,3.0
525,5545.12,2.0,3.0
526,2627.04,2.0,3.0
527,6013.03,2.0,1.0
528,869.02,2.0,1.0
529,6018.01,2.0,3.0
530,863.05,2.0,2.0
531,2933.07,2.0,2.0
532,1173.01,2.0,3.0
533,9203.03,2.0,3.0
534,890.04,2.0,3.0
535,1344.21,2.0,1.0
536,1066.45,2.0,1.0
537,863.06,2.0,2.0
538,219.2,2.0,3.0
539,7012.02,2.0,1.0
540,5710.0,2.0,2.0
541,5738.0,2.0,2.0
542,1066.43,2.0,1.0
543,1371.04,2.0,3.0
544,117.15,2.0,3.0
545,1104.01,2.0,2.0
546,5412.0,2.0,1.0
547,1112.06,2.0,2.0
548,1066.46,2.0,2.0
549,6013.02,2.0,1.0
550,5545.17,2.0,3.0
551,1320.02,2.0,1.0
552,6012.12,2.0,2.0
553,75.11,2.0,2.0
554,218.1,2.0,2.0
555,1041.24,2.0,2.0
556,5437.02,2.0,3.0
557,762.04,2.0,1.0
558,218.14,2.0,3.0
559,2420.0,2.0,3.0
560,1101.02,2.0,2.0
561,5329.0,2.0,3.0
562,9105.05,2.0,3.0
563,2751.01,2.0,2.0
564,1066.03,2.0,1.0
565,870.01,2.0,2.0
566,8003.29,2.0,2.0
567,5020.04,2.0,2.0
568,1065.1,2.0,1.0
569,875.03,2.0,3.0
570,1352.03,2.0,2.0
571,5548.01,2.0,2.0
572,1101.1,2.0,2.0
573,117.11,2.0,2.0
574,2351.0,2.0,1.0
575,874.01,2.0,4.0
576,2715.0,2.0,1.0
577,5740.0,2.0,2.0
578,9105.02,2.0,5.0
579,6001.0,2.0,1.0
580,1310.1,2.0,2.0
581,760.0,2.0,1.0
582,992.25,2.0,2.0
583,871.01,2.0,2.0
584,993.1,2.0,1.0
585,5545.16,2.0,3.0
586,863.04,2.0,2.0
587,2944.21,2.0,3.0
588,1114.0,2.0,3.0
589,875.04,2.0,4.0
590,1132.37,2.0,3.0
591,874.04,2.0,4.0
592,890.03,2.0,3.0
593,7027.0,2.0,1.0
594,874.03,2.0,3.0
595,5528.0,2.0,3.0
596,5352.0,2.0,3.0
597,117.1,2.0,2.0
598,878.05,2.0,2.0
599,5438.01,2.0,3.0
600,5548.02,2.0,2.0
601,2719.01,2.0,2.0
602,7028.02,2.0,1.0
603,5432.01,2.0,3.0
604,7030.02,2.0,3.0
605,9102.05,2.0,3.0
606,1066.04,2.0,1.0
607,881.06,2.0,4.0
608,5524.0,2.0,3.0
609,992.23,2.0,2.0
610,1101.18,2.0,2.0
611,868.03,2.0,1.0
612,1097.0,2.0,2.0
613,869.03,2.0,1.0
614,5437.03,2.0,2.0
615,9108.08,2.0,3.0
616,1101.11,2.0,2.0
617,864.02,2.0,2.0
618,762.02,2.0,1.0
619,218.09,2.0,2.0
620,1101.17,2.0,2.0
621,219.03,2.0,2.0
622,9105.01,2.0,5.0
623,7017.01,2.0,1.0
624,5523.01,2.0,2.0
625,1131.01,2.0,4.0
626,5351.02,2.0,4.0
627,1347.2,2.0,3.0
628,1349.01,2.0,2.0
629,884.03,2.0,4.0
630,1153.02,2.0,2.0
631,7013.04,2.0,1.0
632,992.04,2.0,2.0
633,864.06,2.0,1.0
634,1316.0,2.0,2.0
635,1105.0,2.0,3.0
636,83.05,2.0,3.0
637,6013.01,2.0,1.0
638,83.02,2.0,2.0
639,1106.05,2.0,1.0
640,14.03,2.0,3.0
641,9200.33,2.0,2.0
642,5439.05,2.0,3.0
643,2395.01,2.0,3.0
644,1100.12,2.0,2.0
645,2624.0,2.0,1.0
646,218.02,2.0,2.0
647,15.07,2.0,4.0
648,2943.01,2.0,2.0
649,2383.2,2.0,3.0
650,1066.42,2.0,1.0
651,1064.05,2.0,2.0
652,992.33,2.0,3.0
653,1371.03,2.0,4.0
654,5742.01,2.0,2.0
655,9108.09,2.0,2.0
656,7016.02,2.0,2.0
657,14.04,2.0,3.0
658,9200.23,2.0,3.0
659,5410.02,2.0,2.0
660,219.21,2.0,2.0
661,1103.03,2.0,2.0
662,218.16,2.0,2.0
663,1061.11,2.0,1.0
664,117.18,2.0,2.0
665,5749.01,2.0,1.0
666,13.04,2.0,2.0
667,1093.0,2.0,3.0
668,889.04,2.0,3.0
669,9104.02,2.0,4.0
670,5546.0,2.0,1.0
671,5550.01,2.0,3.0
672,5711.02,2.0,3.0
673,5502.02,2.0,3.0
674,2627.06,2.0,3.0
675,1092.0,2.0,3.0
676,9200.26,2.0,3.0
677,1066.48,2.0,2.0
678,5739.02,2.0,2.0
679,1112.01,2.0,2.0
680,7028.01,2.0,2.0
681,2641.03,2.0,2.0
682,17.04,2.0,2.0
683,1154.04,2.0,2.0
684,884.02,2.0,3.0
685,2423.0,2.0,3.0
686,8002.04,2.0,2.0
687,9200.29,2.0,3.0
688,84.02,2.0,3.0
689,5743.0,2.0,2.0
690,1348.0,3.0,3.0
691,9105.04,3.0,5.0
692,753.02,3.0,2.0
693,9200.28,3.0,3.0
694,9107.07,3.0,4.0
695,5434.0,3.0,2.0
696,5545.21,3.0,1.0
697,82.01,3.0,3.0
698,5029.01,3.0,3.0
699,9304.01,3.0,2.0
700,2677.0,3.0,3.0
701,5519.0,3.0,2.0
702,6008.02,3.0,2.0
703,1352.02,3.0,3.0
704,5031.03,3.0,4.0
705,9104.04,3.0,4.0
706,1341.03,3.0,2.0
707,1111.0,3.0,2.0
708,1064.08,3.0,3.0
709,5439.03,3.0,3.0
710,5350.01,3.0,3.0
711,2970.0,3.0,3.0
712,6008.01,3.0,1.0
713,9108.05,3.0,3.0
714,2640.0,3.0,1.0
715,1103.02,3.0,3.0
716,6007.03,3.0,1.0
717,5502.01,3.0,3.0
718,218.26,3.0,2.0
719,1098.0,3.0,4.0
720,1100.08,3.0,2.0
721,79.03,3.0,2.0
722,1134.22,3.0,3.0
723,2712.0,3.0,4.0
724,889.05,3.0,1.0
725,7024.0,3.0,1.0
726,5040.01,3.0,2.0
727,1100.11,3.0,2.0
728,1133.21,3.0,3.0
729,2942.0,3.0,2.0
730,5031.04,3.0,4.0
731,1100.06,3.0,2.0
732,5350.02,3.0,3.0
733,2628.02,3.0,2.0
734,878.01,3.0,2.0
735,5749.02,3.0,2.0
736,1101.08,3.0,2.0
737,9200.3,3.0,2.0
738,7016.01,3.0,1.0
739,2699.03,3.0,2.0
740,5433.04,3.0,2.0
741,885.02,3.0,4.0
742,5038.02,3.0,3.0
743,626.2,3.0,4.0
744,2396.01,3.0,3.0
745,5030.0,3.0,4.0
746,2384.0,3.0,1.0
747,5545.15,3.0,3.0
748,6009.11,3.0,1.0
749,2969.02,3.0,3.0
750,5522.0,3.0,3.0
751,218.15,3.0,2.0
752,218.12,3.0,2.0
753,5500.0,3.0,2.0
754,80.02,3.0,4.0
755,218.29,3.0,2.0
756,5521.0,3.0,3.0
757,7026.0,3.0,1.0
758,9200.34,3.0,2.0
759,1380.0,3.0,3.0
760,1060.1,3.0,1.0
761,218.21,3.0,2.0
762,5545.13,3.0,3.0
763,9200.36,3.0,4.0
764,1101.13,3.0,2.0
765,9302.0,3.0,2.0
766,2943.02,3.0,3.0
767,5039.01,3.0,3.0
768,5035.01,3.0,3.0
769,9101.01,3.0,4.0
770,1375.02,3.0,3.0
771,5433.06,3.0,3.0
772,998.01,3.0,2.0
773,219.22,3.0,2.0
774,753.01,3.0,2.0
775,5039.02,3.0,2.0
776,5433.22,3.0,2.0
777,8005.06,3.0,2.0
778,1091.0,3.0,2.0
779,756.03,3.0,2.0
780,6099.0,3.0,3.0
781,1134.01,3.0,2.0
782,5353.0,3.0,4.0
783,756.05,3.0,2.0
784,1070.2,3.0,2.0
785,5750.01,3.0,4.0
786,1154.03,3.0,2.0
787,2623.02,3.0,3.0
788,84.01,3.0,3.0
789,999.04,3.0,4.0
790,1066.49,3.0,2.0
791,9200.32,3.0,2.0
792,7025.01,3.0,1.0
793,2718.02,3.0,3.0
794,8005.04,3.0,3.0
795,2376.0,3.0,2.0
796,2948.3,3.0,3.0
797,5041.01,3.0,3.0
798,995.09,3.0,3.0
799,5748.0,3.0,2.0
800,1101.06,3.0,2.0
801,1344.24,3.0,1.0
802,5744.0,3.0,2.0
803,5427.0,3.0,2.0
804,992.34,3.0,2.0
805,5328.0,3.0,3.0
806,1065.2,3.0,3.0
807,8003.28,3.0,2.0
808,2966.0,3.0,3.0
809,994.04,3.0,2.0
810,1101.04,3.0,2.0
811,5776.03,3.0,3.0
812,2347.0,3.0,2.0
813,2947.01,3.0,3.0
814,5709.01,3.0,2.0
815,5020.05,3.0,2.0
816,5741.0,3.0,4.0
817,1373.01,3.0,2.0
818,5037.02,3.0,2.0
819,2964.01,3.0,3.0
820,2349.02,3.0,2.0
821,2946.1,3.0,3.0
822,2426.0,3.0,3.0
823,1341.01,3.0,2.0
824,1340.02,3.0,3.0
825,2972.02,3.0,3.0
826,6707.01,3.0,1.0
827,2969.01,3.0,3.0
828,219.23,3.0,2.0
829,9200.35,3.0,3.0
830,9104.03,3.0,4.0
831,2352.02,3.0,1.0
832,997.03,3.0,1.0
833,992.24,3.0,2.0
834,1132.13,3.0,3.0
835,2965.0,3.0,3.0
836,1340.01,3.0,3.0
837,2963.0,3.0,1.0
838,2951.03,3.0,2.0
839,5032.01,3.0,4.0
840,5551.03,3.0,3.0
841,2971.1,3.0,3.0
842,5330.01,3.0,3.0
843,117.2,3.0,3.0
844,1132.31,3.0,1.0
845,2945.2,3.0,3.0
846,2713.0,3.0,3.0
847,1100.03,3.0,2.0
848,992.47,3.0,4.0
849,9200.31,3.0,1.0
850,2948.1,3.0,3.0
851,2962.2,3.0,3.0
852,758.1,3.0,3.0
853,5518.0,3.0,3.0
854,1106.04,3.0,2.0
855,81.01,3.0,3.0
856,3.02,3.0,2.0
857,2393.2,3.0,3.0
858,5332.02,3.0,3.0
859,1352.01,3.0,2.0
860,1061.12,3.0,1.0
861,992.49,3.0,5.0
862,218.17,3.0,2.0
863,219.16,3.0,3.0
864,17.07,3.0,3.0
865,5523.02,3.0,2.0
866,75.12,3.0,3.0
867,219.19,3.0,3.0
868,2716.0,3.0,2.0
869,83.03,3.0,3.0
870,2975.0,3.0,3.0
871,8004.08,3.0,3.0
872,1100.1,3.0,2.0
873,2945.1,3.0,3.0
874,2397.01,3.0,3.0
875,1070.1,3.0,3.0
876,2383.1,3.0,3.0
877,1173.03,3.0,2.0
878,9800.04,3.0,3.0
879,218.28,3.0,2.0
880,8001.02,3.0,3.0
881,1064.06,3.0,1.0
882,992.22,3.0,2.0
883,758.14,3.0,3.0
884,992.5,3.0,2.0
885,1064.03,3.0,3.0
886,5746.02,3.0,2.0
887,218.22,3.0,2.0
888,5033.02,3.0,4.0
889,2964.02,3.0,3.0
890,2379.0,3.0,1.0
891,5526.01,3.0,4.0
892,869.01,3.0,1.0
893,2976.01,3.0,3.0
894,1100.15,3.0,2.0
895,5336.03,3.0,3.0
896,2625.01,3.0,3.0
897,5775.01,3.0,2.0
898,992.03,3.0,3.0
899,5530.0,3.0,3.0
900,218.25,3.0,3.0
901,3.04,3.0,2.0
902,1100.07,3.0,3.0
903,5776.04,3.0,2.0
904,992.41,3.0,2.0
905,750.04,3.0,3.0
906,626.32,3.0,3.0
907,5770.0,3.0,2.0
908,1101.09,3.0,2.0
909,2949.0,3.0,3.0
910,2962.1,3.0,3.0
911,753.03,3.0,2.0
912,993.11,3.0,2.0
913,6007.04,3.0,1.0
914,2674.02,3.0,3.0
915,219.24,3.0,2.0
916,2973.0,3.0,2.0
917,5529.0,3.0,2.0
918,626.33,3.0,2.0
919,83.06,3.0,2.0
920,5345.01,3.0,2.0
921,1344.22,3.0,1.0
922,219.12,3.0,2.0
923,992.31,3.0,2.0
924,2674.04,3.0,3.0
925,761.03,3.0,3.0
926,9800.24,3.0,3.0
927,9012.09,3.0,3.0
928,997.01,3.0,1.0
929,1064.07,3.0,3.0
930,1134.21,3.0,2.0
931,2941.1,3.0,2.0
932,2654.2,3.0,4.0
933,82.02,3.0,3.0
934,2.0,3.0,3.0
935,1100.04,3.0,3.0
936,2676.0,3.0,3.0
937,2643.02,3.0,2.0
938,2378.0,3.0,1.0
939,889.03,3.0,3.0
940,5549.0,3.0,3.0
941,80.04,3.0,3.0
942,998.02,3.0,2.0
943,2972.01,3.0,3.0
944,626.39,3.0,3.0
945,995.12,3.0,2.0
946,2396.02,3.0,3.0
947,1106.03,3.0,3.0
948,5750.02,3.0,3.0
949,2718.01,3.0,3.0
950,5547.0,3.0,2.0
951,2382.0,3.0,2.0
952,219.15,3.0,2.0
953,5327.0,3.0,3.0
954,992.12,3.0,3.0
955,218.07,3.0,3.0
956,5415.0,3.0,3.0
957,2377.2,3.0,2.0
958,2349.01,3.0,2.0
959,885.01,3.0,3.0
960,66.0,3.0,3.0
961,6009.12,3.0,1.0
962,626.41,3.0,3.0
963,1321.01,3.0,2.0
964,995.11,3.0,2.0
965,5774.0,3.0,2.0
966,891.06,3.0,3.0
967,2674.03,3.0,3.0
968,2948.2,3.0,3.0
969,1342.01,3.0,2.0
970,999.03,3.0,3.0
971,2675.02,3.0,3.0
972,626.05,3.0,3.0
973,993.09,3.0,2.0
974,1060.2,3.0,2.0
975,626.37,3.0,2.0
976,2976.02,3.0,3.0
977,891.05,3.0,5.0
978,2348.0,3.0,2.0
979,2622.0,3.0,3.0
980,994.13,3.0,3.0
981,755.07,3.0,3.0
982,2971.2,3.0,3.0
983,13.01,3.0,2.0
984,5406.0,3.0,3.0
985,626.38,3.0,3.0
986,219.05,3.0,3.0
987,626.4,3.0,2.0
988,7025.02,3.0,1.0
989,1372.01,3.0,3.0
990,5771.0,3.0,2.0
991,5736.01,3.0,4.0
992,626.04,3.0,2.0
993,626.19,3.0,3.0
994,53.05,3.0,2.0
995,2641.02,3.0,3.0
996,1106.07,3.0,2.0
997,1351.14,3.0,2.0
998,1351.02,3.0,3.0
999,2643.01,3.0,2.0
1000,5031.05,3.0,4.0
1001,762.08,3.0,1.0
1002,992.48,3.0,5.0
1003,758.09,3.0,3.0
1004,2673.0,3.0,3.0
1005,2289.0,3.0,3.0
1006,2974.0,3.0,3.0
1007,5031.06,3.0,3.0
1008,1374.02,3.0,3.0
1009,2717.02,3.0,3.0
1010,423.2,3.0,2.0
1011,5526.02,3.0,4.0
1012,5336.01,3.0,4.0
1013,9200.41,3.0,2.0
1014,756.06,3.0,2.0
1015,5334.01,3.0,3.0
1016,2430.0,3.0,4.0
1017,525.05,3.0,3.0
1018,5019.0,3.0,2.0
1019,218.24,3.0,2.0
1020,1347.1,3.0,3.0
1021,5776.02,3.0,2.0
1022,5028.02,3.0,3.0
1023,2653.03,3.0,4.0
1024,2699.06,3.0,2.0
1025,2393.3,3.0,3.0
1026,755.06,3.0,3.0
1027,1102.02,3.0,2.0
1028,5407.0,3.0,2.0
1029,1061.13,3.0,2.0
1030,85.0,3.0,2.0
1031,69.0,3.0,3.0
1032,750.03,3.0,4.0
1033,2431.0,3.0,4.0
1034,5032.02,3.0,4.0
1035,524.17,3.0,3.0
1036,993.05,3.0,3.0
1037,76.11,3.0,2.0
1038,218.3,3.0,2.0
1039,1061.14,3.0,2.0
1040,1100.14,3.0,2.0
1041,1102.03,3.0,2.0
1042,2946.2,3.0,3.0
1043,3201.0,3.0,2.0
1044,1211.02,3.0,2.0
1045,525.24,3.0,2.0
1046,995.04,3.0,2.0
1047,2291.0,3.0,2.0
1048,2654.1,3.0,3.0
1049,5347.0,3.0,3.0
1050,5503.0,3.0,2.0
1051,2701.0,3.0,2.0
1052,2352.01,3.0,2.0
1053,891.04,3.0,3.0
1054,9108.07,3.0,2.0
1055,2941.2,3.0,3.0
1056,5432.02,3.0,3.0
1057,2623.03,3.0,1.0
1058,5355.03,3.0,3.0
1059,5040.02,3.0,2.0
1060,1047.01,3.0,4.0
1061,73.0,3.0,3.0
1062,5709.02,3.0,3.0
1063,5426.01,3.0,2.0
1064,1047.04,3.0,4.0
1065,891.07,3.0,3.0
1066,76.07,3.0,2.0
1067,5773.0,3.0,2.0
1068,1274.0,3.0,2.0
1069,9200.4,3.0,2.0
1070,5745.0,3.0,3.0
1071,5334.03,3.0,3.0
1072,8001.01,3.0,3.0
1073,80.01,3.0,3.0
1074,1343.03,3.0,2.0
1075,994.11,3.0,3.0
1076,2075.02,3.0,4.0
1077,5542.03,3.0,3.0
1078,67.0,3.0,2.0
1079,2375.0,3.0,2.0
1080,995.06,3.0,2.0
1081,5349.0,3.0,3.0
1082,2381.0,3.0,2.0
1083,992.42,3.0,2.0
1084,5414.0,3.0,2.0
1085,8004.1,3.0,3.0
1086,5330.02,3.0,3.0
1087,525.26,3.0,3.0
1088,1047.03,3.0,4.0
1089,626.48,3.0,3.0
1090,423.25,3.0,2.0
1091,1172.02,3.0,3.0
1092,1957.2,3.0,4.0
1093,992.51,3.0,3.0
1094,994.02,3.0,4.0
1095,5332.01,3.0,4.0
1096,2699.04,3.0,4.0
1097,5036.02,3.0,2.0
1098,2392.01,3.0,3.0
1099,3203.0,3.0,3.0
1100,2427.0,3.0,3.0
1101,2373.0,3.0,2.0
1102,63.02,3.0,3.0
1103,218.27,3.0,3.0
1104,423.27,3.0,3.0
1105,219.18,3.0,3.0
1106,5356.03,3.0,3.0
1107,1132.34,3.0,2.0
1108,2675.01,3.0,3.0
1109,5504.0,3.0,2.0
1110,992.02,3.0,4.0
1111,761.01,3.0,2.0
1112,1341.04,3.0,3.0
1113,5520.02,3.0,3.0
1114,5520.01,3.0,3.0
1115,9106.01,3.0,4.0
1116,992.35,3.0,3.0
1117,9200.38,3.0,2.0
1118,5036.01,3.0,3.0
1119,2422.0,3.0,4.0
1120,524.2,3.0,2.0
1121,890.01,3.0,3.0
1122,60.0,3.0,3.0
1123,76.09,3.0,2.0
1124,9200.37,3.0,2.0
1125,423.05,3.0,2.0
1126,5775.04,3.0,2.0
1127,5356.05,3.0,3.0
1128,5358.03,3.0,2.0
1129,2697.0,3.0,2.0
1130,2653.05,3.0,3.0
1131,423.34,3.0,2.0
1132,5348.02,3.0,3.0
1133,5541.04,3.0,3.0
1134,423.19,3.0,2.0
1135,5426.02,3.0,3.0
1136,17.08,3.0,2.0
1137,5532.0,3.0,3.0
1138,218.23,3.0,2.0
1139,2080.0,3.0,4.0
1140,9200.42,3.0,1.0
1141,5511.01,3.0,2.0
1142,2652.01,3.0,2.0
1143,9200.43,3.0,2.0
1144,992.43,3.0,2.0
1145,1041.08,3.0,3.0
1146,5028.01,3.0,2.0
1147,5038.01,3.0,3.0
1148,11.02,3.0,3.0
1149,5541.05,3.0,3.0
1150,5544.06,3.0,3.0
1151,6.0,3.0,3.0
1152,7.02,3.0,2.0
1153,7.01,3.0,3.0
1154,2287.1,3.0,2.0
1155,423.26,3.0,2.0
1156,9106.02,3.0,4.0
1157,626.35,3.0,3.0
1158,5344.03,3.0,2.0
1159,992.45,3.0,2.0
1160,626.49,3.0,4.0
1161,1101.14,3.0,2.0
1162,1041.03,3.0,2.0
1163,1100.01,3.0,2.0
1164,2346.0,3.0,2.0
1165,5345.02,3.0,2.0
1166,997.02,3.0,2.0
1167,70.0,3.0,2.0
1168,992.39,3.0,2.0
1169,2717.01,3.0,4.0
1170,993.07,3.0,2.0
1171,5405.02,3.0,3.0
1172,5017.0,3.0,2.0
1173,751.0,3.0,3.0
1174,5034.01,3.0,3.0
1175,2325.0,3.0,2.0
1176,2678.0,3.0,4.0
1177,2063.0,3.0,4.0
1178,996.03,3.0,2.0
1179,992.44,3.0,3.0
1180,8004.06,3.0,3.0
1181,5418.02,3.0,3.0
1182,754.01,3.0,3.0
1183,525.25,3.0,3.0
1184,8.0,3.0,2.0
1185,5.0,3.0,2.0
1186,74.05,3.0,3.0
1187,756.04,3.0,3.0
1188,2621.0,3.0,2.0
1189,5425.02,3.0,3.0
1190,61.0,3.0,2.0
1191,5355.01,3.0,3.0
1192,9107.16,3.0,2.0
1193,75.06,3.0,2.0
1194,5337.01,3.0,4.0
1195,5027.0,3.0,3.0
1196,755.13,3.0,3.0
1197,2371.02,3.0,3.0
1198,992.32,3.0,2.0
1199,626.36,3.0,2.0
1200,992.46,3.0,2.0
1201,5033.01,3.0,3.0
1202,1041.05,3.0,3.0
1203,744.05,3.0,3.0
1204,2377.1,3.0,2.0
1205,10.01,3.0,4.0
1206,71.0,3.0,2.0
1207,5769.04,3.0,2.0
1208,1344.23,3.0,2.0
1209,5531.0,3.0,3.0
1210,5990.0,3.0,3.0
1211,2084.02,3.0,3.0
1212,2655.1,3.0,2.0
1213,5729.0,3.0,3.0
1214,1032.0,3.0,2.0
1215,993.06,3.0,2.0
1216,5037.01,3.0,2.0
1217,1397.02,3.0,2.0
1218,755.05,3.0,4.0
1219,1956.0,3.0,3.0
1220,992.27,3.0,4.0
1221,5335.02,3.0,3.0
1222,758.12,3.0,2.0
1223,758.11,3.0,2.0
1224,2372.02,3.0,2.0
1225,1343.02,3.0,2.0
1226,5772.0,3.0,2.0
1227,626.34,3.0,2.0
1228,756.07,3.0,2.0
1229,746.02,3.0,3.0
1230,62.0,3.0,2.0
1231,9106.03,3.0,3.0
1232,1345.22,3.0,2.0
1233,59.01,3.0,2.0
1234,999.06,3.0,2.0
1235,5544.05,3.0,4.0
1236,1276.06,3.0,2.0
1237,2393.1,3.0,3.0
1238,9200.39,3.0,2.0
1239,762.05,3.0,2.0
1240,5335.03,3.0,3.0
1241,13.03,3.0,2.0
1242,2288.0,3.0,3.0
1243,8003.32,3.0,3.0
1244,745.01,3.0,3.0
1245,524.27,3.0,2.0
1246,63.01,3.0,3.0
1247,5527.0,3.0,3.0
1248,993.08,3.0,2.0
1249,5703.03,3.0,3.0
1250,79.04,3.0,3.0
1251,1046.2,3.0,4.0
1252,525.06,3.0,2.0
1253,524.21,3.0,2.0
1254,8003.27,3.0,3.0
1255,744.08,3.0,2.0
1256,1374.01,3.0,3.0
1257,5704.02,3.0,2.0
1258,2623.01,3.0,2.0
1259,5333.0,3.0,4.0
1260,5712.0,3.0,2.0
1261,994.05,3.0,2.0
1262,2699.07,3.0,3.0
1263,5708.0,3.0,3.0
1264,2287.2,3.0,3.0
1265,2282.2,3.0,3.0
1266,758.08,3.0,3.0
1267,992.26,3.0,4.0
1268,59.09,3.0,3.0
1269,59.08,3.0,3.0
1270,754.03,3.0,2.0
1271,4087.22,3.0,3.0
1272,2345.01,3.0,2.0
1273,524.18,3.0,3.0
1274,524.19,3.0,2.0
1275,525.11,3.0,2.0
1276,1975.0,3.0,4.0
1277,1958.04,3.0,3.0
1278,5440.01,3.0,3.0
1279,219.14,3.0,3.0
1280,752.02,3.0,3.0
1281,1954.0,3.0,2.0
1282,5331.07,3.0,3.0
1283,1172.01,3.0,3.0
1284,59.11,3.0,3.0
1285,1276.04,3.0,3.0
1286,1343.06,3.0,2.0
1287,2199.02,3.0,4.0
1288,2655.2,3.0,2.0
1289,2062.0,3.0,3.0
1290,762.06,3.0,2.0
1291,5768.02,3.0,3.0
1292,76.06,3.0,3.0
1293,5405.01,3.0,3.0
1294,423.3,3.0,3.0
1295,626.25,3.0,3.0
1296,992.2,3.0,2.0
1297,219.17,3.0,3.0
1298,2345.02,3.0,2.0
1299,5510.0,3.0,2.0
1300,5355.02,3.0,3.0
1301,5505.0,3.0,2.0
1302,423.36,3.0,2.0
1303,6009.02,3.0,1.0
1304,2075.01,3.0,4.0
1305,1345.2,3.0,2.0
1306,1046.1,3.0,4.0
1307,5002.02,3.0,2.0
1308,1048.1,3.0,3.0
1309,7031.0,3.0,2.0
1310,755.14,3.0,3.0
1311,626.47,3.0,3.0
1312,999.05,3.0,4.0
1313,5727.0,3.0,2.0
1314,74.03,3.0,3.0
1315,750.02,3.0,4.0
1316,58.02,3.0,3.0
1317,58.01,3.0,3.0
1318,1096.04,3.0,2.0
1319,5726.0,3.0,2.0
1320,423.35,3.0,3.0
1321,524.22,3.0,2.0
1322,999.02,3.0,3.0
1323,423.15,3.0,3.0
1324,59.1,3.0,3.0
1325,754.04,3.0,3.0
1326,76.1,3.0,2.0
1327,76.12,3.0,2.0
1328,747.01,3.0,4.0
1329,639.04,3.0,2.0
1330,2083.02,3.0,3.0
1331,1351.11,3.0,2.0
1332,5703.04,3.0,4.0
1333,744.06,3.0,3.0
1334,3202.01,3.0,3.0
1335,72.01,3.0,2.0
1336,1397.01,3.0,2.0
1337,7009.02,3.0,3.0
1338,3.03,3.0,2.0
1339,5541.01,3.0,3.0
1340,2693.0,3.0,4.0
1341,1042.04,3.0,3.0
1342,1343.05,3.0,2.0
1343,626.46,3.0,4.0
1344,1042.03,3.0,3.0
1345,755.04,3.0,3.0
1346,2711.0,3.0,4.0
1347,741.08,3.0,3.0
1348,5413.0,3.0,2.0
1349,5335.01,3.0,4.0
1350,47.17,3.0,2.0
1351,757.02,3.0,4.0
1352,2051.2,3.0,3.0
1353,1343.04,3.0,2.0
1354,525.28,3.0,3.0
1355,2364.0,3.0,2.0
1356,5016.0,3.0,2.0
1357,7032.0,3.0,2.0
1358,5768.01,3.0,3.0
1359,525.13,3.0,2.0
1360,55.04,3.0,3.0
1361,54.03,3.0,2.0
1362,54.01,3.0,3.0
1363,55.03,3.0,3.0
1364,55.02,3.0,3.0
1365,53.03,3.0,3.0
1366,2651.0,3.0,2.0
1367,1132.32,3.0,2.0
1368,47.11,3.0,2.0
1369,40.0,3.0,2.0
1370,41.01,3.0,2.0
1371,5767.0,3.0,3.0
1372,53.04,3.0,3.0
1373,5334.02,3.0,3.0
1374,2270.2,3.0,3.0
1375,79.01,3.0,3.0
1376,36.09,3.0,3.0
1377,56.0,3.0,2.0
1378,49.02,3.0,2.0
1379,43.04,3.0,3.0
1380,39.0,3.0,2.0
1381,47.16,3.0,2.0
1382,36.08,3.0,3.0
1383,88.0,3.0,2.0
1384,38.02,3.0,2.0
1385,91.0,3.0,3.0
1386,37.0,3.0,2.0
1387,38.01,3.0,2.0
1388,632.01,3.0,2.0
1389,5354.0,3.0,4.0
1390,626.22,3.0,4.0
1391,5766.02,3.0,3.0
1392,53.06,3.0,3.0
1393,5035.02,3.0,2.0
1394,65.0,3.0,3.0
1395,2702.0,3.0,2.0
1396,1095.0,3.0,3.0
1397,2696.02,3.0,2.0
1398,5348.03,3.0,3.0
1399,757.01,3.0,2.0
1400,5403.0,3.0,4.0
1401,5765.03,3.0,2.0
1402,1959.03,3.0,3.0
1403,5357.01,3.0,2.0
1404,2343.0,3.0,2.0
1405,320.38,3.0,3.0
1406,320.4,3.0,3.0
1407,1100.05,3.0,2.0
1408,5703.01,3.0,3.0
1409,5331.06,3.0,4.0
1410,47.1,3.0,2.0
1411,43.05,3.0,2.0
1412,89.0,3.0,2.0
1413,36.12,3.0,3.0
1414,45.05,3.0,2.0
1415,1094.0,3.0,3.0
1416,2672.0,3.0,2.0
1417,744.07,3.0,2.0
1418,59.06,3.0,3.0
1419,525.14,3.0,2.0
1420,524.08,3.0,2.0
1421,320.11,3.0,3.0
1422,2321.1,3.0,3.0
1423,744.03,3.0,3.0
1424,758.13,3.0,2.0
1425,2691.0,3.0,2.0
1426,2374.02,3.0,2.0
1427,11.01,3.0,3.0
1428,86.0,3.0,2.0
1429,54.04,3.0,4.0
1430,2322.0,3.0,3.0
1431,7009.01,3.0,3.0
1432,1275.2,3.0,3.0
1433,2074.0,3.0,4.0
1434,5769.03,3.0,2.0
1435,891.02,3.0,4.0
1436,5542.04,3.0,3.0
1437,9106.05,3.0,3.0
1438,2073.01,3.0,3.0
1439,2049.2,3.0,3.0
1440,1174.05,3.0,4.0
1441,2324.0,3.0,2.0
1442,42.0,3.0,2.0
1443,45.06,3.0,2.0
1444,45.04,3.0,2.0
1445,45.03,3.0,2.0
1446,44.0,3.0,2.0
1447,47.15,3.0,2.0
1448,994.12,3.0,3.0
1449,2696.01,3.0,3.0
1450,524.28,3.0,3.0
1451,2698.0,3.0,2.0
1452,759.01,3.0,2.0
1453,5763.01,3.0,2.0
1454,748.01,3.0,3.0
1455,5348.04,3.0,3.0
1456,1042.01,3.0,4.0
1457,68.0,3.0,3.0
1458,5326.03,3.0,3.0
1459,1276.05,3.0,2.0
1460,320.41,3.0,3.0
1461,5037.03,3.0,2.0
1462,1175.1,3.0,4.0
1463,320.13,3.0,3.0
1464,2281.0,3.0,3.0
1465,64.0,3.0,3.0
1466,9.01,3.0,4.0
1467,10.02,3.0,3.0
1468,1174.07,3.0,4.0
1469,29.05,3.0,3.0
1470,49.01,3.0,2.0
1471,87.0,3.0,3.0
1472,32.01,3.0,3.0
1473,423.24,3.0,2.0
1474,525.02,3.0,3.0
1475,36.05,3.0,4.0
1476,2703.0,3.0,3.0
1477,2392.02,3.0,3.0
1478,2046.0,3.0,2.0
1479,994.1,3.0,2.0
1480,2656.01,3.0,2.0
1481,5404.0,3.0,4.0
1482,639.08,3.0,2.0
1483,11.03,3.0,2.0
1484,5356.07,3.0,3.0
1485,423.07,3.0,2.0
1486,320.44,3.0,3.0
1487,1096.03,3.0,2.0
1488,5722.01,3.0,2.0
1489,2083.01,3.0,3.0
1490,320.39,3.0,2.0
1491,5421.04,3.0,4.0
1492,2327.0,3.0,3.0
1493,5331.03,3.0,3.0
1494,320.22,3.0,2.0
1495,9.02,3.0,4.0
1496,747.02,3.0,3.0
1497,4.0,3.0,3.0
1498,320.57,3.0,2.0
1499,5711.01,3.0,2.0
1500,2260.02,3.0,3.0
1501,1048.21,3.0,4.0
1502,5020.03,3.0,2.0
1503,992.3,3.0,3.0
1504,1171.01,3.0,3.0
1505,1273.0,3.0,2.0
1506,1277.12,3.0,2.0
1507,639.03,3.0,3.0
1508,631.02,3.0,2.0
1509,1043.1,3.0,4.0
1510,5337.02,3.0,4.0
1511,5759.01,3.0,3.0
1512,1132.33,3.0,2.0
1513,80.05,3.0,2.0
1514,5720.01,3.0,3.0
1515,5751.01,3.0,3.0
1516,1345.21,3.0,3.0
1517,748.06,3.0,4.0
1518,5418.01,3.0,3.0
1519,1171.02,3.0,2.0
1520,757.03,3.0,3.0
1521,5018.02,3.0,2.0
1522,2374.01,3.0,2.0
1523,33.0,3.0,3.0
1524,50.03,3.0,3.0
1525,31.0,3.0,2.0
1526,30.1,3.0,2.0
1527,29.01,3.0,2.0
1528,50.02,3.0,2.0
1529,30.11,3.0,3.0
1530,638.03,3.0,4.0
1531,52.03,3.0,3.0
1532,15.06,3.0,2.0
1533,52.05,3.0,3.0
1534,2328.0,3.0,3.0
1535,5356.04,3.0,4.0
1536,992.15,3.0,3.0
1537,423.38,3.0,2.0
1538,2294.2,3.0,3.0
1539,5734.01,3.0,3.0
1540,219.13,3.0,3.0
1541,638.07,3.0,2.0
1542,9107.14,3.0,2.0
1543,76.14,3.0,3.0
1544,992.17,3.0,3.0
1545,1.0,3.0,4.0
1546,2316.0,3.0,3.0
1547,1959.02,3.0,2.0
1548,748.03,3.0,4.0
1549,423.33,3.0,3.0
1550,30.13,3.0,2.0
1551,741.02,3.0,4.0
1552,5752.02,3.0,3.0
1553,1174.08,3.0,3.0
1554,992.29,3.0,4.0
1555,5764.03,3.0,3.0
1556,5751.03,3.0,2.0
1557,5765.02,3.0,2.0
1558,5357.02,3.0,2.0
1559,22.0,3.0,3.0
1560,23.0,3.0,3.0
1561,995.13,3.0,3.0
1562,2183.0,3.0,3.0
1563,52.02,3.0,4.0
1564,52.04,3.0,3.0
1565,14.02,3.0,2.0
1566,50.04,3.0,3.0
1567,759.02,3.0,2.0
1568,12.06,3.0,3.0
1569,423.32,3.0,2.0
1570,423.29,3.0,3.0
1571,423.31,3.0,3.0
1572,4087.03,3.0,3.0
1573,2170.01,3.0,2.0
1574,5537.01,3.0,4.0
1575,5715.04,3.0,4.0
1576,749.01,3.0,3.0
1577,2656.02,3.0,2.0
1578,12.02,3.0,2.0
1579,17.0,3.0,2.0
1580,20.0,3.0,3.0
1581,21.02,3.0,3.0
1582,18.0,3.0,3.0
1583,19.0,3.0,3.0
1584,24.0,3.0,3.0
1585,27.0,3.0,3.0
1586,26.0,3.0,3.0
1587,12.01,3.0,3.0
1588,13.02,3.0,3.0
1589,2652.02,3.0,3.0
1590,525.17,3.0,3.0
1591,758.07,3.0,3.0
1592,2323.0,3.0,3.0
1593,1957.1,3.0,3.0
1594,9.03,3.0,3.0
1595,5722.02,3.0,2.0
1596,25.0,3.0,3.0
1597,996.05,3.0,2.0
1598,992.4,3.0,3.0
1599,76.13,3.0,2.0
1600,1959.01,3.0,2.0
1601,755.12,3.0,3.0
1602,1276.03,3.0,2.0
1603,754.05,3.0,2.0
1604,1043.2,3.0,4.0
1605,51.0,3.0,3.0
1606,74.02,3.0,2.0
1607,752.01,3.0,3.0
1608,5769.01,3.0,3.0
1609,15.02,3.0,3.0
1610,995.14,3.0,3.0
1611,5700.01,3.0,3.0
1612,2060.31,3.0,3.0
1613,5730.03,3.0,3.0
1614,741.06,3.0,3.0
1615,5416.04,3.0,3.0
1616,1044.04,3.0,3.0
1617,992.38,3.0,3.0
1618,320.02,3.0,3.0
1619,28.0,3.0,3.0
1620,996.01,3.0,2.0
1621,1958.03,3.0,2.0
1622,7008.02,3.0,3.0
1623,1891.01,3.0,2.0
1624,5717.01,3.0,4.0
1625,639.06,3.0,2.0
1626,4033.25,3.0,2.0
1627,2657.0,3.0,2.0
1628,5537.02,3.0,3.0
1629,1891.02,3.0,2.0
1630,5001.0,3.0,3.0
1631,2199.01,3.0,3.0
1632,423.37,3.0,2.0
1633,12.04,3.0,4.0
1634,5544.04,3.0,4.0
1635,992.14,3.0,3.0
1636,14.01,3.0,2.0
1637,1951.0,3.0,2.0
1638,5541.03,3.0,3.0
1639,1193.1,3.0,2.0
1640,5356.06,3.0,4.0
1641,5725.0,3.0,2.0
1642,423.23,3.0,2.0
1643,5326.04,3.0,3.0
1644,745.02,3.0,3.0
1645,423.13,3.0,2.0
1646,2292.0,3.0,3.0
1647,758.05,3.0,2.0
1648,638.02,3.0,2.0
1649,9107.09,3.0,2.0
1650,320.48,3.0,3.0
1651,992.16,3.0,3.0
1652,741.09,3.0,4.0
1653,2167.0,3.0,3.0
1654,1192.02,3.0,2.0
1655,320.15,3.0,2.0
1656,423.17,3.0,3.0
1657,5344.05,3.0,3.0
1658,5762.0,3.0,2.0
1659,1096.01,3.0,3.0
1660,5732.02,3.0,3.0
1661,3202.02,3.0,3.0
1662,5718.0,3.0,3.0
1663,423.39,3.0,2.0
1664,5764.02,3.0,2.0
1665,995.08,3.0,3.0
1666,5540.01,3.0,2.0
1667,320.45,3.0,3.0
1668,631.03,3.0,2.0
1669,320.42,3.0,3.0
1670,5511.02,3.0,2.0
1671,1033.0,3.0,2.0
1672,2690.0,3.0,3.0
1673,5343.01,3.0,2.0
1674,741.11,3.0,3.0
1675,746.01,3.0,3.0
1676,423.12,3.0,3.0
1677,2340.0,3.0,2.0
1678,5720.02,3.0,2.0
1679,2294.1,3.0,3.0
1680,2170.02,3.0,2.0
1681,996.02,3.0,2.0
1682,2695.0,3.0,2.0
1683,1175.2,3.0,4.0
1684,5002.01,3.0,3.0
1685,1913.02,3.0,2.0
1686,5731.0,3.0,3.0
1687,320.47,3.0,3.0
1688,320.33,3.0,2.0
1689,2047.0,3.0,3.0
1690,525.27,3.0,2.0
1691,5717.04,3.0,4.0
1692,5018.04,3.0,3.0
1693,5700.02,3.0,3.0
1694,5734.03,3.0,4.0
1695,5763.02,3.0,2.0
1696,5360.0,3.0,3.0
1697,1175.3,3.0,4.0
1698,5723.02,3.0,2.0
1699,758.06,3.0,2.0
1700,5421.06,3.0,4.0
1701,5326.06,3.0,3.0
1702,5704.04,3.0,3.0
1703,1211.01,3.0,3.0
1704,5754.01,3.0,3.0
1705,1953.0,3.0,3.0
1706,524.25,3.0,2.0
1707,423.28,3.0,3.0
1708,2315.0,3.0,3.0
1709,9107.06,3.0,2.0
1710,626.21,3.0,3.0
1711,994.15,3.0,2.0
1712,423.11,3.0,2.0
1713,74.06,3.0,3.0
1714,1193.2,3.0,3.0
1715,5034.02,3.0,2.0
1716,422.01,3.0,2.0
1717,5533.0,3.0,3.0
1718,5704.03,3.0,3.0
1719,320.53,3.0,3.0
1720,2360.0,3.0,3.0
1721,743.0,3.0,2.0
1722,4087.04,3.0,3.0
1723,1278.04,3.0,3.0
1724,5713.0,3.0,3.0
1725,639.05,3.0,2.0
1726,2171.0,3.0,3.0
1727,5440.02,3.0,3.0
1728,9107.12,3.0,2.0
1729,633.01,3.0,3.0
1730,748.02,3.0,3.0
1731,320.58,3.0,2.0
1732,421.09,3.0,3.0
1733,422.05,3.0,2.0
1734,1174.04,3.0,3.0
1735,1976.0,3.0,4.0
1736,320.12,3.0,3.0
1737,2222.0,3.0,3.0
1738,1021.03,3.0,3.0
1739,320.43,3.0,3.0
1740,524.11,3.0,3.0
1741,5337.03,3.0,4.0
1742,1927.0,3.0,3.0
1743,631.01,3.0,2.0
1744,637.02,3.0,2.0
1745,9107.11,3.0,2.0
1746,758.16,3.0,3.0
1747,4082.12,3.0,3.0
1748,5752.01,3.0,3.0
1749,5760.01,3.0,2.0
1750,320.49,3.0,3.0
1751,992.37,3.0,3.0
1752,5730.04,3.0,3.0
1753,422.06,3.0,2.0
1754,524.15,3.0,3.0
1755,1044.01,3.0,3.0
1756,638.06,3.0,2.0
1757,320.32,3.0,2.0
1758,1272.1,3.0,3.0
1759,421.13,3.0,3.0
1760,421.14,3.0,4.0
1761,421.03,3.0,3.0
1762,421.12,3.0,3.0
1763,320.56,3.0,3.0
1764,421.07,3.0,3.0
1765,758.15,3.0,3.0
1766,320.46,3.0,3.0
1767,5759.02,3.0,3.0
1768,423.1,3.0,3.0
1769,2184.0,3.0,3.0
1770,5421.03,3.0,4.0
1771,1272.2,3.0,3.0
1772,1045.0,3.0,4.0
1773,742.0,3.0,3.0
1774,2164.01,3.0,3.0
1775,75.09,3.0,2.0
1776,5719.0,3.0,3.0
1777,5336.02,3.0,3.0
1778,5751.02,3.0,3.0
1779,5536.01,3.0,3.0
1780,5730.02,3.0,3.0
1781,4087.05,3.0,3.0
1782,7008.01,3.0,4.0
1783,7007.0,3.0,2.0
1784,7005.01,3.0,3.0
1785,9107.13,3.0,2.0
1786,1277.11,3.0,2.0
1787,5716.0,3.0,4.0
1788,1044.03,3.0,4.0
1789,2679.02,3.0,4.0
1790,320.23,3.0,3.0
1791,320.61,3.0,3.0
1792,320.59,3.0,3.0
1793,2216.02,3.0,3.0
1794,639.07,3.0,3.0
1795,2679.01,3.0,3.0
1796,1914.1,3.0,3.0
1797,5717.03,3.0,4.0
1798,5723.01,3.0,3.0
1799,5416.03,3.0,3.0
1800,5766.01,3.0,2.0
1801,1210.1,3.0,2.0
1802,5764.01,3.0,2.0
1803,5732.01,3.0,4.0
1804,2198.0,3.0,3.0
1805,2371.01,3.0,2.0
1806,5734.02,3.0,4.0
1807,2317.2,3.0,3.0
1808,421.08,3.0,2.0
1809,421.11,3.0,3.0
1810,320.03,3.0,3.0
1811,1271.02,3.0,3.0
1812,5018.03,3.0,3.0
1813,5325.0,3.0,3.0
1814,2149.01,3.0,4.0
1815,2317.1,3.0,3.0
1816,2293.0,3.0,3.0
1817,320.36,3.0,2.0
1818,740.06,3.0,3.0
1819,740.05,3.0,2.0
1820,5402.03,3.0,2.0
1821,5401.02,3.0,3.0
1822,9107.15,3.0,2.0
1823,1193.42,3.0,3.0
1824,5715.02,3.0,3.0
1825,8003.31,3.0,4.0
1826,2077.1,3.0,3.0
1827,320.34,3.0,3.0
1828,5758.02,3.0,3.0
1829,2113.2,3.0,4.0
1830,7004.0,3.0,4.0
1831,637.01,3.0,3.0
1832,524.1,3.0,3.0
1833,994.17,3.0,3.0
1834,1201.08,3.0,4.0
1835,7010.0,3.0,2.0
1836,2048.1,3.0,3.0
1837,749.02,3.0,3.0
1838,5538.01,3.0,4.0
1839,2085.01,3.0,3.0
1840,75.08,3.0,2.0
1841,2314.0,3.0,3.0
1842,8003.26,3.0,3.0
1843,2164.02,3.0,3.0
1844,2286.0,3.0,3.0
1845,59.07,3.0,3.0
1846,2219.0,3.0,3.0
1847,5358.02,3.0,3.0
1848,72.02,3.0,2.0
1849,5326.05,3.0,4.0
1850,5733.0,3.0,4.0
1851,5758.03,3.0,3.0
1852,421.06,3.0,3.0
1853,422.03,3.0,3.0
1854,8003.25,3.0,3.0
1855,2372.01,3.0,2.0
1856,994.08,3.0,2.0
1857,320.35,3.0,2.0
1858,1914.2,3.0,3.0
1859,5754.02,3.0,3.0
1860,1192.01,3.0,3.0
1861,2049.1,3.0,3.0
1862,5331.05,3.0,3.0
1863,5721.0,3.0,2.0
1864,1190.02,3.0,3.0
1865,639.02,3.0,3.0
1866,5338.05,3.0,3.0
1867,75.1,3.0,2.0
1868,2048.2,3.0,3.0
1869,2312.1,3.0,3.0
1870,636.01,3.0,4.0
1871,626.43,3.0,3.0
1872,1048.22,3.0,3.0
1873,9106.06,3.0,2.0
1874,320.54,3.0,4.0
1875,8003.24,3.0,3.0
1876,741.1,3.0,3.0
1877,1943.0,3.0,2.0
1878,2044.1,3.0,2.0
1879,636.04,3.0,4.0
1880,524.23,3.0,2.0
1881,2321.2,3.0,3.0
1882,994.07,3.0,3.0
1883,638.08,3.0,4.0
1884,320.2,3.0,3.0
1885,1200.1,3.0,4.0
1886,78.0,3.0,3.0
1887,638.05,3.0,2.0
1888,2085.02,3.0,3.0
1889,5536.02,3.0,3.0
1890,5753.0,3.0,3.0
1891,2326.0,3.0,3.0
1892,4033.05,3.0,2.0
1893,1882.02,3.0,2.0
1894,8003.3,3.0,3.0
1895,5338.06,3.0,4.0
1896,320.55,3.0,3.0
1897,626.3,3.0,3.0
1898,5706.02,3.0,3.0
1899,5341.01,3.0,4.0
1900,2611.02,3.0,3.0
1901,2112.02,3.0,4.0
1902,636.03,3.0,3.0
1903,5513.0,3.0,2.0
1904,5724.0,3.0,3.0
1905,77.0,3.0,3.0
1906,2267.0,3.0,3.0
1907,2201.0,3.0,3.0
1908,2671.0,3.0,4.0
1909,1200.3,3.0,4.0
1910,4086.27,3.0,3.0
1911,741.07,3.0,2.0
1912,5702.02,3.0,3.0
1913,2169.0,3.0,3.0
1914,9002.01,3.0,2.0
1915,1021.07,3.0,2.0
1916,2126.2,3.0,3.0
1917,9108.12,3.0,2.0
1918,2283.2,3.0,3.0
1919,5706.01,3.0,3.0
1920,320.37,3.0,3.0
1921,1031.02,3.0,2.0
1922,524.26,3.0,3.0
1923,994.16,3.0,2.0
1924,5026.02,3.0,4.0
1925,5512.02,3.0,2.0
1926,741.03,3.0,4.0
1927,2319.0,3.0,3.0
1928,5420.0,3.0,3.0
1929,748.05,3.0,4.0
1930,2091.02,3.0,4.0
1931,5765.01,3.0,2.0
1932,2214.02,3.0,3.0
1933,5339.01,3.0,3.0
1934,2044.2,3.0,3.0
1935,320.31,3.0,2.0
1936,5715.03,3.0,3.0
1937,1882.01,3.0,2.0
1938,525.19,3.0,3.0
1939,5341.02,3.0,4.0
1940,1212.1,3.0,2.0
1941,1198.0,3.0,3.0
1942,4087.06,3.0,3.0
1943,2079.0,3.0,4.0
1944,2084.01,3.0,4.0
1945,1973.0,3.0,3.0
1946,994.06,3.0,2.0
1947,2041.2,3.0,3.0
1948,630.09,3.0,2.0
1949,630.1,3.0,2.0
1950,75.05,3.0,3.0
1951,5517.0,3.0,2.0
1952,634.0,3.0,4.0
1953,5534.0,3.0,2.0
1954,320.28,3.0,2.0
1955,740.04,3.0,2.0
1956,320.51,3.0,4.0
1957,630.04,3.0,2.0
1958,5705.01,3.0,3.0
1959,2168.0,3.0,3.0
1960,755.15,3.0,3.0
1961,1952.02,3.0,2.0
1962,5515.02,3.0,2.0
1963,1974.2,3.0,4.0
1964,4087.23,3.0,3.0
1965,632.02,3.0,2.0
1966,5015.04,3.0,2.0
1967,1235.2,3.0,4.0
1968,1222.0,3.0,3.0
1969,5014.0,3.0,3.0
1970,2035.0,3.0,3.0
1971,1193.41,3.0,3.0
1972,2218.1,3.0,3.0
1973,636.05,3.0,2.0
1974,2240.1,3.0,3.0
1975,1200.2,3.0,4.0
1976,4082.11,3.0,3.0
1977,9107.05,3.0,2.0
1978,996.04,3.0,2.0
1979,1952.01,3.0,3.0
1980,740.03,3.0,2.0
1981,2043.0,3.0,3.0
1982,5514.01,3.0,2.0
1983,320.3,3.0,2.0
1984,525.15,3.0,3.0
1985,5338.03,3.0,3.0
1986,4033.24,3.0,3.0
1987,5506.02,3.0,2.0
1988,320.27,3.0,2.0
1989,5313.02,3.0,4.0
1990,2211.2,3.0,4.0
1991,5512.01,3.0,2.0
1992,5538.02,3.0,3.0
1993,5424.02,3.0,3.0
1994,2134.02,3.0,4.0
1995,4087.24,3.0,3.0
1996,1926.2,3.0,5.0
1997,2220.02,3.0,3.0
1998,1958.02,3.0,3.0
1999,1912.03,3.0,5.0
2000,2039.0,3.0,3.0
2001,5535.03,3.0,3.0
2002,630.07,3.0,2.0
2003,2217.1,3.0,4.0
2004,320.5,3.0,4.0
2005,2111.2,3.0,3.0
2006,2093.0,3.0,4.0
2007,2149.02,3.0,4.0
2008,2060.32,3.0,3.0
2009,2123.05,3.0,3.0
2010,2133.2,3.0,3.0
2011,2086.1,3.0,3.0
2012,2227.0,3.0,3.0
2013,7006.0,3.0,2.0
2014,5308.01,3.0,3.0
2015,626.1,3.0,4.0
2016,5338.04,3.0,3.0
2017,2089.03,3.0,4.0
2018,5361.02,3.0,3.0
2019,2216.01,3.0,3.0
2020,1194.0,3.0,3.0
2021,2313.0,3.0,3.0
2022,5344.06,3.0,3.0
2023,1201.07,3.0,4.0
2024,75.07,3.0,3.0
2025,2197.0,3.0,2.0
2026,75.13,3.0,3.0
2027,2119.22,3.0,4.0
2028,1925.1,3.0,5.0
2029,2247.0,3.0,4.0
2030,2311.0,3.0,3.0
2031,75.14,3.0,2.0
2032,3017.02,3.0,4.0
2033,320.29,3.0,2.0
2034,5362.0,3.0,2.0
2035,2218.2,3.0,3.0
2036,525.2,3.0,2.0
2037,2111.21,3.0,4.0
2038,2127.01,3.0,3.0
2039,2283.1,3.0,3.0
2040,5535.04,3.0,2.0
2041,2036.0,3.0,3.0
2042,5402.02,3.0,3.0
2043,5700.03,3.0,3.0
2044,1221.2,3.0,2.0
2045,7005.02,3.0,2.0
2046,1917.1,3.0,4.0
2047,5422.0,3.0,3.0
2048,2195.0,3.0,2.0
2049,5417.0,3.0,3.0
2050,633.02,3.0,4.0
2051,320.14,3.0,4.0
2052,2185.0,3.0,2.0
2053,5714.0,3.0,3.0
2054,2115.0,3.0,3.0
2055,5023.01,3.0,3.0
2056,5313.01,3.0,4.0
2057,5707.02,3.0,2.0
2058,2133.1,3.0,4.0
2059,1012.1,3.0,4.0
2060,2038.0,3.0,3.0
2061,1221.22,3.0,2.0
2062,2361.0,3.0,2.0
2063,5339.02,3.0,2.0
2064,626.29,3.0,3.0
2065,1201.06,3.0,5.0
2066,5540.02,3.0,2.0
2067,2246.0,3.0,4.0
2068,2118.04,3.0,4.0
2069,1235.1,3.0,3.0
2070,2111.22,3.0,4.0
2071,524.24,3.0,2.0
2072,626.28,3.0,3.0
2073,2264.1,3.0,4.0
2074,1221.21,3.0,2.0
2075,5535.02,3.0,2.0
2076,1021.05,3.0,3.0
2077,2042.0,3.0,3.0
2078,1289.1,3.0,4.0
2079,1926.1,3.0,5.0
2080,1201.03,3.0,4.0
2081,2117.04,3.0,3.0
2082,5358.04,3.0,2.0
2083,5421.05,3.0,4.0
2084,1915.0,3.0,5.0
2085,1925.2,3.0,5.0
2086,5312.02,3.0,4.0
2087,2243.1,3.0,4.0
2088,1212.22,3.0,2.0
2089,4802.01,3.0,3.0
2090,1281.01,4.0,4.0
2091,2161.0,4.0,3.0
2092,2612.0,4.0,3.0
2093,1281.02,4.0,3.0
2094,2127.02,4.0,2.0
2095,1924.2,4.0,4.0
2096,5359.01,4.0,2.0
2097,1031.01,4.0,3.0
2098,2284.2,4.0,3.0
2099,5542.01,4.0,3.0
2100,1892.02,4.0,3.0
2101,2212.2,4.0,4.0
2102,635.0,4.0,4.0
2103,2087.1,4.0,4.0
2104,2244.1,4.0,4.0
2105,524.16,4.0,4.0
2106,5424.01,4.0,4.0
2107,2215.0,4.0,3.0
2108,1905.2,4.0,5.0
2109,1282.1,4.0,3.0
2110,1414.0,4.0,3.0
2111,1955.0,4.0,3.0
2112,1190.01,4.0,2.0
2113,627.02,4.0,3.0
2114,1201.05,4.0,4.0
2115,5024.02,4.0,4.0
2116,5509.02,4.0,2.0
2117,1279.1,4.0,4.0
2118,2163.0,4.0,4.0
2119,5705.02,4.0,4.0
2120,1892.01,4.0,4.0
2121,1912.01,4.0,5.0
2122,2284.1,4.0,3.0
2123,2148.0,4.0,4.0
2124,2182.1,4.0,2.0
2125,2032.0,4.0,3.0
2126,1204.0,4.0,3.0
2127,2123.06,4.0,3.0
2128,626.11,4.0,2.0
2129,1021.04,4.0,3.0
2130,1034.0,4.0,2.0
2131,525.23,4.0,3.0
2132,2190.2,4.0,2.0
2133,2087.2,4.0,4.0
2134,1911.2,4.0,5.0
2135,5416.06,4.0,3.0
2136,5509.01,4.0,2.0
2137,1288.02,4.0,2.0
2138,2226.0,4.0,3.0
2139,2213.02,4.0,3.0
2140,2122.04,4.0,4.0
2141,5539.01,4.0,2.0
2142,1417.0,4.0,3.0
2143,2112.01,4.0,4.0
2144,2121.02,4.0,4.0
2145,1883.0,4.0,2.0
2146,1199.0,4.0,4.0
2147,5515.01,4.0,2.0
2148,630.05,4.0,3.0
2149,4085.03,4.0,3.0
2150,2118.02,4.0,3.0
2151,3020.02,4.0,4.0
2152,2221.0,4.0,3.0
2153,1210.2,4.0,2.0
2154,2146.0,4.0,3.0
2155,1203.0,4.0,5.0
2156,1881.0,4.0,2.0
2157,626.45,4.0,3.0
2158,1230.2,4.0,3.0
2159,2318.0,4.0,3.0
2160,2126.1,4.0,3.0
2161,4811.01,4.0,3.0
2162,2134.01,4.0,4.0
2163,1220.0,4.0,2.0
2164,1197.0,4.0,3.0
2165,5323.03,4.0,4.0
2166,1282.2,4.0,4.0
2167,2162.0,4.0,3.0
2168,2285.0,4.0,3.0
2169,626.26,4.0,3.0
2170,5307.0,4.0,3.0
2171,1201.04,4.0,4.0
2172,2094.02,4.0,4.0
2173,2114.2,4.0,4.0
2174,1279.2,4.0,4.0
2175,2041.1,4.0,3.0
2176,2342.0,4.0,3.0
2177,2113.1,4.0,4.0
2178,1011.1,4.0,4.0
2179,5340.01,4.0,2.0
2180,5359.02,4.0,2.0
2181,5015.03,4.0,3.0
2182,5361.03,4.0,2.0
2183,1216.0,4.0,2.0
2184,5539.02,4.0,3.0
2185,5508.0,4.0,2.0
2186,2212.1,4.0,4.0
2187,2132.02,4.0,3.0
2188,2213.03,4.0,3.0
2189,1234.1,4.0,3.0
2190,7003.0,4.0,3.0
2191,1283.03,4.0,4.0
2192,1283.02,4.0,3.0
2193,1278.06,4.0,3.0
2194,5514.02,4.0,2.0
2195,4033.04,4.0,3.0
2196,1893.0,4.0,3.0
2197,3023.02,4.0,3.0
2198,1011.22,4.0,4.0
2199,2119.1,4.0,4.0
2200,1916.1,4.0,5.0
2201,626.27,4.0,3.0
2202,3012.04,4.0,3.0
2203,2071.01,4.0,4.0
2204,3011.0,4.0,3.0
2205,2037.2,4.0,3.0
2206,1974.1,4.0,3.0
2207,1871.01,4.0,3.0
2208,5707.01,4.0,2.0
2209,5506.01,4.0,2.0
2210,1236.01,4.0,4.0
2211,2014.02,4.0,3.0
2212,4811.03,4.0,3.0
2213,2200.0,4.0,2.0
2214,3019.0,4.0,2.0
2215,5361.04,4.0,3.0
2216,5544.03,4.0,3.0
2217,5702.03,4.0,4.0
2218,1230.1,4.0,3.0
2219,626.14,4.0,3.0
2220,1212.21,4.0,2.0
2221,1909.02,4.0,4.0
2222,1872.0,4.0,3.0
2223,2128.0,4.0,3.0
2224,4815.0,4.0,2.0
2225,1924.1,4.0,3.0
2226,626.12,4.0,3.0
2227,2031.0,4.0,2.0
2228,4081.37,4.0,3.0
2229,629.0,4.0,3.0
2230,5416.05,4.0,4.0
2231,5026.01,4.0,3.0
2232,2172.0,4.0,3.0
2233,1944.02,4.0,2.0
2234,2125.02,4.0,3.0
2235,5023.02,4.0,4.0
2236,2147.0,4.0,3.0
2237,2095.1,4.0,4.0
2238,4814.01,4.0,3.0
2239,1286.01,4.0,3.0
2240,1278.05,4.0,3.0
2241,1278.03,4.0,3.0
2242,2110.0,4.0,3.0
2243,2088.02,4.0,4.0
2244,1945.0,4.0,3.0
2245,525.22,4.0,3.0
2246,1218.01,4.0,2.0
2247,3020.04,4.0,3.0
2248,5309.01,4.0,3.0
2249,2240.2,4.0,4.0
2250,5321.02,4.0,5.0
2251,2186.0,4.0,2.0
2252,2145.01,4.0,4.0
2253,5323.02,4.0,4.0
2254,4803.02,4.0,3.0
2255,5543.02,4.0,3.0
2256,3020.03,4.0,3.0
2257,3018.02,4.0,4.0
2258,2098.2,4.0,4.0
2259,5507.0,4.0,2.0
2260,4629.0,4.0,3.0
2261,2243.2,4.0,4.0
2262,2121.01,4.0,3.0
2263,1853.1,4.0,3.0
2264,5308.02,4.0,4.0
2265,5543.01,4.0,3.0
2266,2124.1,4.0,3.0
2267,2125.01,4.0,3.0
2268,1415.0,4.0,3.0
2269,2071.02,4.0,4.0
2270,628.0,4.0,3.0
2271,2117.03,4.0,4.0
2272,525.21,4.0,4.0
2273,5315.02,4.0,4.0
2274,2220.01,4.0,3.0
2275,2187.01,4.0,2.0
2276,4081.41,4.0,3.0
2277,3012.03,4.0,3.0
2278,1990.0,4.0,3.0
2279,1288.01,4.0,2.0
2280,1236.02,4.0,4.0
2281,1977.0,4.0,4.0
2282,626.31,4.0,3.0
2283,4033.2,4.0,4.0
2284,2213.04,4.0,4.0
2285,3018.01,4.0,4.0
2286,4804.0,4.0,3.0
2287,1012.2,4.0,4.0
2288,2037.1,4.0,3.0
2289,5340.02,4.0,2.0
2290,3012.06,4.0,3.0
2291,4633.0,4.0,3.0
2292,1271.04,4.0,4.0
2293,2100.1,4.0,4.0
2294,4086.26,4.0,3.0
2295,3017.01,4.0,4.0
2296,3025.05,4.0,3.0
2297,4086.28,4.0,4.0
2298,1904.01,4.0,4.0
2299,2151.01,4.0,4.0
2300,5706.03,4.0,3.0
2301,3023.01,4.0,4.0
2302,2132.01,4.0,4.0
2303,5315.04,4.0,4.0
2304,2140.0,4.0,4.0
2305,3002.0,4.0,2.0
2306,630.06,4.0,2.0
2307,1998.0,4.0,3.0
2308,1438.0,4.0,3.0
2309,1873.0,4.0,2.0
2310,1224.2,4.0,3.0
2311,1416.0,4.0,3.0
2312,5342.03,4.0,2.0
2313,1944.01,4.0,3.0
2314,1918.2,4.0,4.0
2315,1413.02,4.0,4.0
2316,4086.25,4.0,3.0
2317,3006.0,4.0,2.0
2318,1218.02,4.0,2.0
2319,4642.0,4.0,3.0
2320,2225.0,4.0,3.0
2321,4810.02,4.0,3.0
2322,3025.03,4.0,4.0
2323,2131.0,4.0,4.0
2324,1997.0,4.0,3.0
2325,3022.01,4.0,4.0
2326,5702.04,4.0,4.0
2327,2117.01,4.0,3.0
2328,5400.0,4.0,3.0
2329,2129.0,4.0,3.0
2330,5021.0,4.0,4.0
2331,3007.01,4.0,2.0
2332,3101.0,4.0,3.0
2333,4628.0,4.0,3.0
2334,5401.01,4.0,3.0
2335,1014.0,4.0,4.0
2336,630.08,4.0,2.0
2337,4816.03,4.0,3.0
2338,4631.02,4.0,3.0
2339,2193.0,4.0,2.0
2340,5701.0,4.0,3.0
2341,3105.01,4.0,3.0
2342,1910.0,4.0,4.0
2343,626.42,4.0,3.0
2344,4634.0,4.0,3.0
2345,5319.01,4.0,4.0
2346,3024.01,4.0,4.0
2347,2124.2,4.0,3.0
2348,5004.04,4.0,3.0
2349,1219.0,4.0,2.0
2350,4029.04,4.0,2.0
2351,1413.03,4.0,4.0
2352,4605.02,4.0,2.0
2353,3007.02,4.0,2.0
2354,2187.02,4.0,2.0
2355,3022.02,4.0,4.0
2356,2181.1,4.0,3.0
2357,5315.03,4.0,4.0
2358,5007.0,4.0,5.0
2359,2181.2,4.0,3.0
2360,2214.01,4.0,3.0
2361,3102.01,4.0,2.0
2362,1871.02,4.0,3.0
2363,1284.0,4.0,2.0
2364,5004.03,4.0,4.0
2365,2144.0,4.0,4.0
2366,2182.2,4.0,2.0
2367,3003.01,4.0,2.0
2368,4029.02,4.0,2.0
2369,5010.02,4.0,4.0
2370,4605.01,4.0,2.0
2371,1864.04,4.0,3.0
2372,1991.2,4.0,3.0
2373,5320.02,4.0,4.0
2374,2016.01,4.0,3.0
2375,1271.03,4.0,4.0
2376,1413.04,4.0,4.0
2377,1903.01,4.0,4.0
2378,5317.02,4.0,4.0
2379,4811.02,4.0,4.0
2380,4033.03,4.0,3.0
2381,1909.01,4.0,4.0
2382,2242.0,4.0,4.0
2383,627.01,4.0,3.0
2384,4034.01,4.0,3.0
2385,2014.01,4.0,3.0
2386,1224.1,4.0,2.0
2387,5319.02,4.0,4.0
2388,5342.02,4.0,3.0
2389,3010.0,4.0,2.0
2390,5311.01,4.0,4.0
2391,5323.04,4.0,2.0
2392,2611.01,4.0,4.0
2393,3025.06,4.0,3.0
2394,5022.0,4.0,3.0
2395,2060.1,4.0,4.0
2396,1813.0,4.0,4.0
2397,3102.02,4.0,3.0
2398,3021.02,4.0,3.0
2399,3015.01,4.0,3.0
2400,2141.0,4.0,3.0
2401,2190.1,4.0,2.0
2402,3104.0,4.0,3.0
2403,1923.0,4.0,3.0
2404,2017.0,4.0,4.0
2405,5309.02,4.0,4.0
2406,1896.0,4.0,4.0
2407,1920.02,4.0,3.0
2408,4086.24,4.0,3.0
2409,4816.04,4.0,3.0
2410,5316.02,4.0,4.0
2411,1412.02,4.0,4.0
2412,4081.36,4.0,3.0
2413,1285.0,4.0,3.0
2414,4627.0,4.0,4.0
2415,4034.02,4.0,3.0
2416,3004.0,4.0,2.0
2417,5300.03,4.0,4.0
2418,626.44,4.0,3.0
2419,4805.0,4.0,3.0
2420,5024.01,4.0,4.0
2421,4085.05,4.0,3.0
2422,1286.02,4.0,4.0
2423,3025.04,4.0,4.0
2424,5006.0,4.0,4.0
2425,1234.2,4.0,3.0
2426,5311.02,4.0,3.0
2427,1287.02,4.0,5.0
2428,5312.01,4.0,4.0
2429,4086.29,4.0,3.0
2430,4802.02,4.0,3.0
2431,4085.04,4.0,3.0
2432,4641.0,4.0,2.0
2433,5012.0,4.0,4.0
2434,1993.0,4.0,3.0
2435,4803.03,4.0,3.0
2436,4801.02,4.0,4.0
2437,3021.04,4.0,3.0
2438,2013.02,4.0,2.0
2439,3005.02,4.0,3.0
2440,4606.0,4.0,3.0
2441,4814.02,4.0,3.0
2442,1907.0,4.0,4.0
2443,5004.02,4.0,3.0
2444,4033.18,4.0,3.0
2445,5010.01,4.0,3.0
2446,4029.03,4.0,3.0
2447,1864.03,4.0,3.0
2448,3107.01,4.0,3.0
2449,1241.03,4.0,3.0
2450,4030.0,4.0,3.0
2451,3021.03,4.0,4.0
2452,3012.05,4.0,3.0
2453,1908.02,4.0,4.0
2454,3005.01,4.0,3.0
2455,4816.05,4.0,3.0
2456,1412.01,4.0,5.0
2457,5322.0,4.0,3.0
2458,4632.0,4.0,3.0
2459,1852.03,4.0,3.0
2460,4807.02,4.0,2.0
2461,1992.02,4.0,3.0
2462,1992.01,4.0,3.0
2463,1232.05,4.0,3.0
2464,1895.0,4.0,4.0
2465,4034.04,4.0,3.0
2466,4024.02,4.0,3.0
2467,5306.02,4.0,3.0
2468,1863.01,4.0,3.0
2469,4028.03,4.0,3.0
2470,3015.02,4.0,3.0
2471,1852.04,4.0,3.0
2472,2189.0,4.0,3.0
2473,4816.06,4.0,3.0
2474,2012.0,4.0,2.0
2475,2015.04,4.0,4.0
2476,1994.0,4.0,3.0
2477,4625.0,4.0,3.0
2478,1861.0,4.0,3.0
2479,1972.0,4.0,3.0
2480,3008.0,4.0,2.0
2481,5310.0,4.0,3.0
2482,4803.04,4.0,3.0
2483,7001.02,4.0,4.0
2484,4806.0,4.0,2.0
2485,4817.11,4.0,3.0
2486,1920.01,4.0,3.0
2487,1852.02,4.0,3.0
2488,1411.02,4.0,4.0
2489,3118.01,4.0,4.0
2490,3106.02,4.0,3.0
2491,3117.0,4.0,4.0
2492,3009.02,4.0,3.0
2493,3110.0,4.0,3.0
2494,1991.1,4.0,2.0
2495,1245.0,4.0,4.0
2496,1411.01,4.0,5.0
2497,5008.0,4.0,3.0
2498,4607.0,4.0,2.0
2499,3014.0,4.0,3.0
2500,3108.0,4.0,3.0
2501,1942.0,4.0,4.0
2502,4810.01,4.0,3.0
2503,1436.02,4.0,2.0
2504,3103.0,4.0,3.0
2505,3016.02,4.0,3.0
2506,5316.04,4.0,4.0
2507,5009.0,4.0,3.0
2508,3016.01,4.0,4.0
2509,4033.22,4.0,3.0
2510,1439.02,4.0,3.0
2511,1233.03,4.0,3.0
2512,4033.12,4.0,3.0
2513,4033.16,4.0,4.0
2514,3106.01,4.0,3.0
2515,4028.04,4.0,3.0
2516,4033.21,4.0,4.0
2517,5306.01,4.0,3.0
2518,1919.02,4.0,3.0
2519,3107.03,4.0,3.0
2520,4026.0,4.0,3.0
2521,1864.01,4.0,3.0
2522,1919.01,4.0,4.0
2523,4028.01,4.0,3.0
2524,4823.01,4.0,3.0
2525,4033.23,4.0,3.0
2526,4025.01,4.0,4.0
2527,1241.04,4.0,3.0
2528,1013.0,4.0,3.0
2529,2188.0,4.0,3.0
2530,4613.0,4.0,4.0
2531,4034.03,4.0,2.0
2532,4023.04,4.0,4.0
2533,1902.02,4.0,4.0
2534,1232.06,4.0,3.0
2535,4027.05,4.0,4.0
2536,1863.02,4.0,3.0
2537,4809.01,4.0,3.0
2538,5300.04,4.0,4.0
2539,4027.06,4.0,4.0
2540,3107.02,4.0,3.0
2541,2015.03,4.0,3.0
2542,4635.0,4.0,2.0
2543,4027.02,4.0,4.0
2544,2013.01,4.0,3.0
2545,4084.02,4.0,3.0
2546,4807.03,4.0,2.0
2547,7001.01,4.0,3.0
2548,4027.03,4.0,4.0
2549,5005.0,4.0,4.0
2550,5305.0,4.0,3.0
2551,3013.0,4.0,3.0
2552,1941.02,4.0,4.0
2553,1862.03,4.0,3.0
2554,4623.01,4.0,4.0
2555,5015.01,4.0,3.0
2556,4817.14,4.0,3.0
2557,2016.02,4.0,4.0
2558,1898.0,4.0,3.0
2559,4033.17,4.0,3.0
2560,4626.0,4.0,5.0
2561,4614.0,4.0,4.0
2562,1242.01,4.0,3.0
2563,4025.02,4.0,4.0
2564,4612.0,4.0,4.0
2565,3111.0,4.0,3.0
2566,9100.02,4.0,2.0
2567,4088.0,4.0,3.0
2568,4800.12,4.0,4.0
2569,2011.2,4.0,2.0
2570,4335.04,4.0,4.0
2571,4817.13,4.0,3.0
2572,1435.0,4.0,2.0
2573,3109.0,4.0,3.0
2574,4800.02,4.0,3.0
2575,4023.01,4.0,4.0
2576,2011.1,4.0,3.0
2577,4335.03,4.0,4.0
2578,5013.0,4.0,3.0
2579,4033.19,4.0,4.0
2580,4086.23,4.0,3.0
2581,3118.02,4.0,4.0
2582,1918.1,4.0,4.0
2583,1244.0,4.0,3.0
2584,4823.03,4.0,3.0
2585,1433.0,4.0,3.0
2586,1246.0,4.0,5.0
2587,1862.02,4.0,3.0
2588,4808.03,4.0,3.0
2589,7002.0,4.0,3.0
2590,4024.03,4.0,3.0
2591,1894.0,4.0,3.0
2592,4819.02,4.0,2.0
2593,1231.04,4.0,3.0
2594,4820.01,4.0,2.0
2595,4334.01,4.0,4.0
2596,1439.01,4.0,3.0
2597,1862.01,4.0,3.0
2598,4600.0,4.0,3.0
2599,4601.0,4.0,3.0
2600,1231.03,4.0,3.0
2601,4305.01,4.0,3.0
2602,1901.0,4.0,4.0
2603,5025.0,4.0,4.0
2604,1899.02,4.0,4.0
2605,3001.0,4.0,2.0
2606,3113.0,4.0,4.0
2607,1838.1,4.0,3.0
2608,5320.01,4.0,4.0
2609,4824.02,4.0,3.0
2610,1838.2,4.0,3.0
2611,4817.12,4.0,3.0
2612,1233.01,4.0,3.0
2613,4338.02,4.0,4.0
2614,4322.02,4.0,3.0
2615,4023.03,4.0,4.0
2616,1941.01,4.0,4.0
2617,4338.01,4.0,4.0
2618,5316.03,4.0,3.0
2619,4081.35,4.0,3.0
2620,4621.0,4.0,5.0
2621,4819.01,4.0,3.0
2622,4020.01,4.0,3.0
2623,4020.02,4.0,3.0
2624,4340.04,4.0,4.0
2625,3009.01,4.0,2.0
2626,5317.01,4.0,4.0
2627,4808.04,4.0,3.0
2628,1233.04,4.0,3.0
2629,4624.0,4.0,4.0
2630,4812.02,4.0,3.0
2631,4336.02,4.0,3.0
2632,9110.01,4.0,2.0
2633,9100.01,4.0,2.0
2634,4640.0,4.0,2.0
2635,4636.01,4.0,2.0
2636,1837.01,4.0,3.0
2637,2015.01,4.0,4.0
2638,1899.03,4.0,5.0
2639,4034.08,4.0,3.0
2640,1899.05,4.0,4.0
2641,4021.01,4.0,4.0
2642,4630.0,4.0,3.0
2643,1835.2,4.0,3.0
2644,1232.03,4.0,4.0
2645,1237.0,4.0,3.0
2646,1836.2,4.0,2.0
2647,1834.02,4.0,3.0
2648,4611.0,4.0,4.0
2649,5303.01,4.0,3.0
2650,4809.02,4.0,3.0
2651,4812.01,4.0,3.0
2652,4085.01,4.0,4.0
2653,1434.0,4.0,3.0
2654,4822.02,4.0,3.0
2655,4081.4,4.0,3.0
2656,1832.22,4.0,2.0
2657,4631.01,4.0,4.0
2658,4083.02,4.0,3.0
2659,1232.04,4.0,3.0
2660,4813.0,4.0,3.0
2661,4825.03,4.0,3.0
2662,1837.02,4.0,3.0
2663,1831.03,4.0,3.0
2664,4623.02,4.0,3.0
2665,4825.22,4.0,3.0
2666,5003.0,4.0,3.0
2667,4336.01,4.0,2.0
2668,1247.0,4.0,3.0
2669,1833.0,4.0,2.0
2670,5301.02,4.0,4.0
2671,4339.02,4.0,3.0
2672,1897.02,4.0,5.0
2673,4807.04,4.0,2.0
2674,1243.0,4.0,3.0
2675,4620.02,4.0,4.0
2676,1836.1,4.0,3.0
2677,4083.03,4.0,4.0
2678,4824.01,4.0,2.0
2679,4615.01,4.0,5.0
2680,1897.01,4.0,4.0
2681,4822.01,4.0,3.0
2682,1899.04,4.0,5.0
2683,4322.01,4.0,3.0
2684,4022.0,4.0,4.0
2685,4620.01,4.0,4.0
2686,4307.01,4.0,4.0
2687,4823.04,4.0,2.0
2688,4603.01,4.0,4.0
2689,5321.01,4.0,4.0
2690,5318.0,4.0,5.0
2691,1242.03,4.0,3.0
2692,4639.0,4.0,3.0
2693,4337.0,4.0,4.0
2694,3115.0,4.0,4.0
2695,4334.02,4.0,4.0
2696,4086.3,4.0,3.0
2697,4307.23,4.0,4.0
2698,1834.01,4.0,2.0
2699,4809.03,4.0,3.0
2700,1851.0,4.0,3.0
2701,4801.01,4.0,3.0
2702,1832.21,4.0,2.0
2703,4826.0,4.0,2.0
2704,4081.39,4.0,3.0
2705,4636.02,4.0,2.0
2706,1242.04,4.0,3.0
2707,4637.0,4.0,3.0
2708,1832.2,4.0,2.0
2709,4808.02,4.0,4.0
2710,1437.0,4.0,4.0
2711,4084.01,4.0,4.0
2712,1816.0,4.0,3.0
2713,5304.0,4.0,3.0
2714,4622.02,4.0,3.0
2715,4086.31,4.0,3.0
2716,4818.0,4.0,2.0
2717,4800.11,4.0,4.0
2718,1238.0,4.0,4.0
2719,1814.0,4.0,3.0
2720,1810.0,4.0,3.0
2721,9001.04,4.0,2.0
2722,4331.02,4.0,3.0
2723,4329.01,4.0,3.0
2724,4603.02,4.0,4.0
2725,4080.06,4.0,3.0
2726,4619.02,4.0,2.0
2727,4318.0,4.0,4.0
2728,4820.02,4.0,2.0
2729,4024.06,4.0,4.0
2730,4017.03,4.0,4.0
2731,5303.02,4.0,3.0
2732,4024.05,4.0,4.0
2733,1835.1,4.0,3.0
2734,4021.02,4.0,4.0
2735,9001.03,4.0,2.0
2736,4081.34,4.0,3.0
2737,4307.24,4.0,4.0
2738,4615.02,4.0,5.0
2739,5302.03,4.0,3.0
2740,4821.02,4.0,3.0
2741,4034.05,4.0,3.0
2742,4825.02,4.0,2.0
2743,4017.04,4.0,4.0
2744,4078.02,4.0,5.0
2745,4602.0,4.0,4.0
2746,1251.0,4.0,3.0
2747,1253.1,4.0,4.0
2748,4329.02,4.0,3.0
2749,4610.0,4.0,5.0
2750,4331.01,4.0,3.0
2751,1239.02,4.0,3.0
2752,1240.0,4.0,3.0
2753,1831.01,4.0,3.0
2754,4827.02,4.0,2.0
2755,1239.01,4.0,4.0
2756,4827.01,4.0,2.0
2757,5302.04,4.0,4.0
2758,5301.01,4.0,3.0
2759,4077.01,4.0,4.0
2760,4622.01,4.0,3.0
2761,4340.03,4.0,3.0
2762,4334.03,4.0,4.0
2763,4019.02,4.0,2.0
2764,1436.03,4.0,3.0
2765,1241.02,4.0,4.0
2766,1241.05,4.0,4.0
2767,4034.06,4.0,3.0
2768,4821.01,4.0,2.0
2769,5300.06,4.0,3.0
2770,4328.02,4.0,3.0
2771,4081.38,4.0,4.0
2772,1253.2,4.0,3.0
2773,4828.0,4.0,2.0
2774,4619.01,4.0,3.0
2775,4638.0,4.0,3.0
2776,1249.02,4.0,3.0
2777,3116.0,4.0,4.0
2778,4013.04,4.0,3.0
2779,4340.01,4.0,3.0
2780,4319.0,4.0,5.0
2781,1436.04,4.0,4.0
2782,3112.0,4.0,4.0
2783,4825.21,4.0,3.0
2784,4604.01,4.0,4.0
2785,4339.01,4.0,3.0
2786,4013.03,4.0,3.0
2787,4013.11,4.0,3.0
2788,4076.02,4.0,5.0
2789,3114.0,4.0,3.0
2790,1254.01,4.0,4.0
2791,1815.0,4.0,3.0
2792,4321.02,4.0,3.0
2793,1255.02,4.0,3.0
2794,1249.03,4.0,3.0
2795,1831.04,4.0,3.0
2796,4306.0,4.0,4.0
2797,4016.02,4.0,4.0
2798,4616.0,5.0,4.0
2799,5302.02,5.0,4.0
2800,4078.01,5.0,4.0
2801,4081.33,5.0,4.0
2802,4328.01,5.0,4.0
2803,1255.01,5.0,3.0
2804,4077.02,5.0,5.0
2805,4333.02,5.0,4.0
2806,4080.04,5.0,3.0
2807,4002.05,5.0,2.0
2808,4015.0,5.0,4.0
2809,4609.0,5.0,4.0
2810,4034.07,5.0,4.0
2811,4016.03,5.0,3.0
2812,4017.01,5.0,4.0
2813,4003.04,5.0,3.0
2814,4018.0,5.0,3.0
2815,5300.05,5.0,2.0
2816,4305.02,5.0,3.0
2817,4002.06,5.0,2.0
2818,1256.0,5.0,4.0
2819,4617.0,5.0,4.0
2820,4080.05,5.0,4.0
2821,4332.0,5.0,4.0
2822,4002.04,5.0,4.0
2823,4016.01,5.0,3.0
2824,4317.0,5.0,4.0
2825,4003.02,5.0,4.0
2826,4035.0,5.0,4.0
2827,4308.01,5.0,3.0
2828,4608.0,5.0,3.0
2829,1252.0,5.0,3.0
2830,1431.0,5.0,3.0
2831,4071.02,5.0,4.0
2832,4304.0,5.0,3.0
2833,1254.02,5.0,4.0
2834,4320.0,5.0,4.0
2835,4083.01,5.0,5.0
2836,4063.0,5.0,4.0
2837,4307.21,5.0,4.0
2838,4047.01,5.0,4.0
2839,4073.02,5.0,4.0
2840,4072.0,5.0,4.0
2841,4308.02,5.0,3.0
2842,4036.0,5.0,4.0
2843,9303.01,5.0,3.0
2844,4333.04,5.0,3.0
2845,4047.03,5.0,4.0
2846,4080.03,5.0,3.0
2847,4076.01,5.0,5.0
2848,4075.01,5.0,3.0
2849,1432.0,5.0,3.0
2850,4079.0,5.0,4.0
2851,4069.02,5.0,3.0
2852,4082.02,5.0,5.0
2853,9001.02,5.0,2.0
2854,4070.02,5.0,5.0
2855,4321.01,5.0,3.0
2856,4071.01,5.0,4.0
2857,4069.01,5.0,4.0
2858,4002.07,5.0,4.0
2859,4333.07,5.0,3.0
2860,4037.02,5.0,4.0
2861,4333.06,5.0,4.0
2862,4326.01,5.0,4.0
2863,4067.01,5.0,3.0
2864,4333.05,5.0,4.0
2865,4004.03,5.0,4.0
2866,4037.03,5.0,4.0
2867,4038.02,5.0,4.0
2868,4075.02,5.0,4.0
2869,4074.0,5.0,3.0
2870,4303.01,5.0,4.0
2871,4073.01,5.0,3.0
2872,4301.01,5.0,3.0
2873,4013.12,5.0,3.0
2874,4039.02,5.0,4.0
2875,4037.22,5.0,4.0
2876,4066.02,5.0,4.0
2877,4064.02,5.0,3.0
2878,4061.02,5.0,4.0
2879,4303.02,5.0,5.0
2880,4310.01,5.0,4.0
2881,4004.04,5.0,3.0
2882,4070.01,5.0,4.0
2883,4050.01,5.0,4.0
2884,4326.02,5.0,4.0
2885,4047.02,5.0,4.0
2886,4037.21,5.0,4.0
2887,4068.0,5.0,4.0
2888,4324.02,5.0,4.0
2889,4038.01,5.0,5.0
2890,4012.03,5.0,4.0
2891,4012.01,5.0,4.0
2892,4049.03,5.0,5.0
2893,4301.02,5.0,3.0
2894,4323.0,5.0,4.0
2895,4052.03,5.0,4.0
2896,4012.02,5.0,3.0
2897,4316.0,5.0,4.0
2898,4004.02,5.0,4.0
2899,4011.01,5.0,4.0
2900,4066.01,5.0,3.0
2901,4308.03,5.0,4.0
2902,4010.01,5.0,3.0
2903,4310.02,5.0,3.0
2904,4048.01,5.0,4.0
2905,4048.02,5.0,4.0
2906,4315.01,5.0,4.0
2907,4049.02,5.0,5.0
2908,4315.02,5.0,5.0
2909,4053.02,5.0,4.0
2910,4311.0,5.0,5.0
2911,4327.0,5.0,4.0
2912,4312.0,5.0,4.0
2913,4309.02,5.0,4.0
2914,4041.0,5.0,4.0
2915,4049.01,5.0,5.0
2916,4309.01,5.0,5.0
2917,4053.01,5.0,3.0
2918,4039.01,5.0,5.0
2919,4040.0,5.0,4.0
2920,4011.02,5.0,5.0
2921,4064.12,5.0,3.0
2922,4042.02,5.0,5.0
2923,4313.0,5.0,5.0
2924,4051.01,5.0,3.0
2925,4064.11,5.0,4.0
2926,4067.02,5.0,4.0
2927,4048.03,5.0,4.0
2928,4055.0,5.0,4.0
2929,4314.0,5.0,4.0
2930,4052.02,5.0,5.0
2931,4010.02,5.0,4.0
2932,4059.0,5.0,3.0
2933,4325.0,5.0,4.0
2934,4051.02,5.0,5.0
2935,4052.01,5.0,3.0
2936,4065.0,5.0,3.0
2937,4324.01,5.0,4.0
2938,4302.0,5.0,3.0
2939,4062.0,5.0,4.0
2940,4300.02,5.0,3.0
2941,4061.01,5.0,4.0
2942,4056.0,5.0,3.0
2943,4009.0,5.0,5.0
2944,4050.02,5.0,3.0
2945,4300.03,5.0,3.0
2946,4054.0,5.0,4.0
2947,4060.0,5.0,4.0
2948,4045.04,5.0,4.0
2949,4006.04,5.0,5.0
2950,4006.03,5.0,4.0
2951,4046.0,5.0,4.0
2952,4043.01,5.0,4.0
2953,4042.01,5.0,5.0
2954,4045.03,5.0,4.0
2955,4043.02,5.0,4.0
2956,4008.0,5.0,5.0
2957,4058.0,5.0,4.0
2958,4057.02,5.0,4.0
2959,4057.01,5.0,5.0
2960,4005.01,5.0,5.0
2961,4044.02,5.0,4.0
2962,4006.02,5.0,4.0
2963,4045.01,5.0,5.0
2964,4044.01,5.0,4.0
