,zip,beta_2501,beta_combination
0,2402.0,1.0,1.0
1,2383.1,1.0,1.0
2,2382.0,1.0,1.0
3,2381.0,1.0,1.0
4,2379.0,1.0,4.0
5,2378.0,1.0,2.0
6,2373.0,1.0,3.0
7,5330.01,1.0,1.0
8,5409.01,1.0,3.0
9,2427.0,1.0,3.0
10,6001.0,1.0,1.0
11,6002.01,1.0,1.0
12,6003.02,1.0,1.0
13,6007.03,1.0,1.0
14,6007.04,1.0,1.0
15,6010.01,1.0,2.0
16,6010.02,1.0,2.0
17,6011.0,1.0,1.0
18,2383.2,1.0,1.0
19,6018.01,1.0,3.0
20,2384.0,1.0,1.0
21,2400.2,1.0,4.0
22,2423.0,1.0,4.0
23,2420.0,1.0,4.0
24,2413.0,1.0,3.0
25,2412.02,1.0,2.0
26,2412.01,1.0,1.0
27,2411.2,1.0,1.0
28,2411.1,1.0,3.0
29,2410.02,1.0,4.0
30,2410.01,1.0,3.0
31,2409.0,1.0,4.0
32,2408.0,1.0,2.0
33,2407.0,1.0,4.0
34,2406.0,1.0,2.0
35,2405.0,1.0,1.0
36,2404.02,1.0,1.0
37,2404.01,1.0,3.0
38,2403.0,1.0,2.0
39,2397.02,1.0,2.0
40,6028.01,1.0,2.0
41,2426.0,1.0,4.0
42,2414.0,1.0,3.0
43,6020.03,1.0,3.0
44,6012.11,1.0,2.0
45,6012.12,1.0,2.0
46,6017.0,1.0,3.0
47,6028.02,1.0,2.0
48,6005.02,1.0,3.0
49,2374.01,1.0,1.0
50,6020.04,1.0,3.0
51,6003.03,1.0,2.0
52,5350.02,1.0,1.0
53,5409.02,1.0,1.0
54,6007.02,1.0,1.0
55,6021.06,1.0,3.0
56,5351.01,1.0,4.0
57,6014.02,1.0,2.0
58,6014.01,1.0,2.0
59,5329.0,1.0,1.0
60,6002.02,1.0,1.0
61,2351.0,1.0,2.0
62,2761.0,1.0,1.0
63,5412.0,1.0,1.0
64,6016.0,1.0,3.0
65,2400.1,1.0,3.0
66,6027.0,1.0,2.0
67,5408.0,1.0,1.0
68,2377.2,1.0,3.0
69,6006.01,1.0,3.0
70,6021.05,1.0,3.0
71,5352.0,1.0,4.0
72,5330.02,1.0,1.0
73,2352.01,1.0,1.0
74,6006.02,1.0,3.0
75,6003.04,1.0,3.0
76,6019.0,1.0,3.0
77,6004.0,1.0,2.0
78,2422.0,1.0,4.0
79,5413.0,1.0,2.0
80,5353.0,1.0,4.0
81,5350.01,1.0,1.0
82,6009.12,1.0,2.0
83,2348.0,1.0,1.0
84,6021.04,1.0,4.0
85,5351.02,1.0,3.0
86,2349.02,1.0,2.0
87,6008.02,1.0,2.0
88,2374.02,1.0,2.0
89,6009.11,2.0,1.0
90,6018.02,2.0,3.0
91,2380.0,2.0,1.0
92,6015.02,2.0,4.0
93,2395.02,2.0,1.0
94,6020.02,2.0,4.0
95,7031.0,2.0,3.0
96,6008.01,2.0,3.0
97,5327.0,2.0,1.0
98,2375.0,2.0,1.0
99,2396.02,2.0,4.0
100,6024.02,2.0,2.0
101,2346.0,2.0,4.0
102,6021.03,2.0,3.0
103,6023.02,2.0,2.0
104,2398.01,2.0,1.0
105,5431.0,2.0,1.0
106,5410.02,2.0,1.0
107,6005.01,2.0,3.0
108,5410.01,2.0,1.0
109,6023.01,2.0,2.0
110,6025.09,2.0,4.0
111,6022.0,2.0,2.0
112,5331.03,2.0,2.0
113,2352.02,2.0,2.0
114,5407.0,2.0,4.0
115,2911.3,2.0,4.0
116,2349.01,2.0,2.0
117,6025.08,2.0,4.0
118,5428.0,2.0,2.0
119,2377.1,2.0,3.0
120,6009.02,2.0,3.0
121,6013.03,2.0,3.0
122,5430.0,2.0,2.0
123,5414.0,2.0,3.0
124,6013.01,2.0,3.0
125,2372.02,2.0,4.0
126,6024.03,2.0,4.0
127,2325.0,2.0,4.0
128,5427.0,2.0,2.0
129,5411.0,2.0,3.0
130,2911.1,2.0,3.0
131,5349.0,2.0,2.0
132,2751.02,2.0,4.0
133,2376.0,2.0,2.0
134,2912.1,2.0,3.0
135,2364.0,2.0,2.0
136,2397.01,2.0,4.0
137,2398.02,2.0,2.0
138,2765.0,2.0,1.0
139,2289.0,2.0,2.0
140,2371.01,2.0,1.0
141,2396.01,2.0,4.0
142,2227.0,2.0,2.0
143,2751.01,2.0,4.0
144,9102.01,2.0,1.0
145,5426.01,2.0,2.0
146,9104.03,2.0,1.0
147,9104.02,2.0,1.0
148,2756.03,2.0,4.0
149,2371.02,2.0,1.0
150,2764.0,2.0,2.0
151,6026.0,2.0,3.0
152,5425.01,2.0,2.0
153,9102.06,2.0,1.0
154,2270.2,2.0,3.0
155,2393.1,2.0,4.0
156,9102.08,2.0,1.0
157,2771.0,2.0,3.0
158,6024.04,2.0,3.0
159,2911.2,2.0,3.0
160,2431.0,2.0,4.0
161,2035.0,2.0,3.0
162,9104.01,2.0,1.0
163,5426.02,2.0,3.0
164,9005.08,2.0,1.0
165,5416.06,2.0,4.0
166,5406.0,2.0,4.0
167,2372.01,2.0,1.0
168,9003.0,2.0,1.0
169,6029.0,2.0,3.0
170,6200.01,2.0,2.0
171,2912.2,2.0,2.0
172,6025.05,2.0,4.0
173,9104.04,2.0,1.0
174,5416.04,2.0,4.0
175,9108.04,2.0,2.0
176,9105.01,2.0,1.0
177,9005.07,2.0,1.0
178,9006.05,2.0,2.0
179,9005.06,2.0,1.0
180,2347.0,2.0,3.0
181,9102.07,2.0,2.0
182,6204.0,2.0,2.0
183,7026.0,2.0,2.0
184,9005.04,2.0,2.0
185,2770.0,2.0,2.0
186,2772.0,2.0,3.0
187,6025.06,2.0,4.0
188,9005.01,2.0,3.0
189,9007.04,2.0,1.0
190,1997.0,2.0,4.0
191,2327.0,2.0,2.0
192,2321.2,2.0,2.0
193,2760.0,2.0,3.0
194,5326.03,2.0,2.0
195,5416.03,2.0,4.0
196,2046.0,2.0,3.0
197,2047.0,2.0,3.0
198,9102.05,2.0,1.0
199,6030.01,2.0,4.0
200,2395.01,2.0,1.0
201,2260.01,2.0,4.0
202,2392.01,2.0,1.0
203,5355.02,3.0,2.0
204,5348.04,3.0,3.0
205,2361.0,3.0,3.0
206,2071.01,3.0,4.0
207,2345.01,3.0,3.0
208,9007.01,3.0,2.0
209,5429.0,3.0,3.0
210,2328.0,3.0,2.0
211,2766.01,3.0,3.0
212,7027.0,3.0,2.0
213,5355.01,3.0,3.0
214,9800.04,3.0,1.0
215,2393.2,3.0,2.0
216,5404.0,3.0,4.0
217,6013.02,3.0,3.0
218,2287.1,3.0,1.0
219,2264.1,3.0,4.0
220,2264.2,3.0,3.0
221,7032.0,3.0,2.0
222,9106.03,3.0,2.0
223,6210.02,3.0,3.0
224,2060.32,3.0,3.0
225,9005.05,3.0,2.0
226,9006.09,3.0,2.0
227,2048.2,3.0,3.0
228,5354.0,3.0,4.0
229,2036.0,3.0,3.0
230,1998.0,3.0,3.0
231,5432.02,3.0,3.0
232,9006.08,3.0,3.0
233,2287.2,3.0,2.0
234,5434.0,3.0,2.0
235,5425.02,3.0,3.0
236,2321.1,3.0,2.0
237,5347.0,3.0,3.0
238,7025.02,3.0,2.0
239,6030.06,3.0,3.0
240,2326.0,3.0,2.0
241,6208.0,3.0,3.0
242,9006.02,3.0,3.0
243,6031.01,3.0,4.0
244,6030.04,3.0,4.0
245,2392.02,3.0,2.0
246,5415.0,3.0,3.0
247,9107.16,3.0,2.0
248,2292.0,3.0,2.0
249,6200.02,3.0,2.0
250,9107.07,3.0,2.0
251,7025.01,3.0,2.0
252,6033.01,3.0,3.0
253,9006.07,3.0,3.0
254,9008.06,3.0,2.0
255,9006.06,3.0,2.0
256,2780.01,3.0,2.0
257,5356.03,3.0,2.0
258,2430.0,3.0,3.0
259,9007.05,3.0,2.0
260,6210.04,3.0,3.0
261,9106.02,3.0,2.0
262,5331.07,3.0,4.0
263,2393.3,3.0,1.0
264,5355.03,3.0,2.0
265,2074.0,3.0,4.0
266,5405.02,3.0,4.0
267,5356.06,3.0,4.0
268,6203.03,3.0,4.0
269,2267.0,3.0,3.0
270,7030.02,3.0,4.0
271,6205.21,3.0,2.0
272,7028.02,3.0,2.0
273,9105.05,3.0,2.0
274,9105.04,3.0,2.0
275,2291.0,3.0,2.0
276,6037.03,3.0,3.0
277,2247.0,3.0,2.0
278,2322.0,3.0,2.0
279,6206.01,3.0,3.0
280,6025.04,3.0,4.0
281,9102.1,3.0,3.0
282,2319.0,3.0,2.0
283,5326.05,3.0,2.0
284,5328.0,3.0,2.0
285,5312.02,3.0,4.0
286,5433.21,3.0,2.0
287,9100.01,3.0,3.0
288,2753.11,3.0,2.0
289,6039.0,3.0,2.0
290,2042.0,3.0,4.0
291,2756.02,3.0,2.0
292,9106.01,3.0,4.0
293,9101.01,3.0,4.0
294,6206.02,3.0,2.0
295,6030.05,3.0,3.0
296,9002.01,3.0,2.0
297,2345.02,3.0,3.0
298,2181.1,3.0,3.0
299,5331.05,3.0,4.0
300,6038.01,3.0,2.0
301,9106.06,3.0,2.0
302,9012.13,3.0,3.0
303,9100.02,3.0,4.0
304,5325.0,3.0,4.0
305,9012.05,3.0,3.0
306,9010.11,3.0,3.0
307,9105.02,3.0,2.0
308,2048.1,3.0,3.0
309,2113.1,3.0,4.0
310,9107.11,3.0,2.0
311,9106.05,3.0,2.0
312,9102.09,3.0,3.0
313,9011.02,3.0,3.0
314,2043.0,3.0,3.0
315,6205.22,3.0,2.0
316,9010.04,3.0,3.0
317,9007.03,3.0,2.0
318,5331.06,3.0,4.0
319,2316.0,3.0,2.0
320,2281.0,3.0,2.0
321,6037.04,3.0,4.0
322,2073.01,3.0,4.0
323,5326.06,3.0,3.0
324,2294.1,3.0,2.0
325,5348.02,3.0,4.0
326,2075.01,3.0,4.0
327,5326.04,3.0,3.0
328,2044.2,3.0,3.0
329,9107.15,3.0,2.0
330,9107.05,3.0,3.0
331,6211.02,3.0,3.0
332,9011.01,3.0,4.0
333,2044.1,3.0,3.0
334,2323.0,3.0,2.0
335,2260.02,3.0,4.0
336,2324.0,3.0,4.0
337,6038.02,3.0,2.0
338,2755.0,3.0,3.0
339,6503.0,3.0,3.0
340,2699.03,3.0,3.0
341,6031.02,3.0,2.0
342,9009.0,3.0,2.0
343,6201.02,3.0,2.0
344,9107.12,3.0,2.0
345,6207.01,3.0,4.0
346,9107.09,3.0,2.0
347,2312.2,3.0,2.0
348,6210.01,3.0,3.0
349,9107.13,3.0,2.0
350,9107.14,3.0,2.0
351,6211.04,3.0,3.0
352,5405.01,3.0,2.0
353,6033.02,3.0,2.0
354,9103.02,3.0,3.0
355,2075.02,3.0,4.0
356,9012.09,3.0,3.0
357,2752.0,3.0,3.0
358,9010.07,3.0,3.0
359,2317.2,3.0,2.0
360,5348.03,3.0,4.0
361,2063.0,3.0,4.0
362,7030.01,3.0,4.0
363,6034.0,3.0,3.0
364,6040.02,3.0,4.0
365,2293.0,3.0,2.0
366,2181.2,3.0,3.0
367,6505.02,3.0,3.0
368,9102.02,3.0,4.0
369,6037.02,3.0,2.0
370,9010.1,3.0,3.0
371,2311.0,3.0,2.0
372,2766.04,3.0,2.0
373,1990.0,3.0,3.0
374,2049.2,3.0,4.0
375,6209.04,3.0,2.0
376,2342.0,3.0,2.0
377,5432.01,3.0,2.0
378,2360.0,3.0,2.0
379,9008.04,3.0,2.0
380,9008.05,3.0,2.0
381,2193.0,3.0,2.0
382,2060.31,3.0,3.0
383,9108.12,3.0,3.0
384,5356.04,3.0,3.0
385,9103.01,3.0,4.0
386,9108.13,3.0,3.0
387,9107.06,3.0,3.0
388,2288.0,3.0,2.0
389,9010.09,3.0,2.0
390,9010.08,3.0,4.0
391,9008.03,3.0,2.0
392,2071.02,3.0,4.0
393,2195.0,3.0,3.0
394,6205.01,3.0,2.0
395,2119.1,3.0,4.0
396,2041.2,3.0,4.0
397,6035.0,3.0,3.0
398,6209.01,3.0,3.0
399,2037.2,3.0,4.0
400,6212.01,3.0,4.0
401,2240.1,3.0,4.0
402,1917.2,3.0,4.0
403,5345.02,3.0,2.0
404,6040.01,3.0,2.0
405,6025.07,3.0,4.0
406,2062.0,3.0,4.0
407,6502.0,3.0,3.0
408,2315.0,3.0,3.0
409,6505.01,3.0,4.0
410,1917.1,3.0,4.0
411,6207.02,3.0,3.0
412,2190.2,3.0,3.0
413,6213.01,3.0,4.0
414,6036.0,3.0,3.0
415,2189.0,3.0,2.0
416,2312.1,3.0,2.0
417,2190.1,3.0,2.0
418,2284.2,3.0,2.0
419,6203.01,3.0,4.0
420,6214.0,3.0,4.0
421,2318.0,3.0,2.0
422,2294.2,3.0,2.0
423,6500.01,3.0,2.0
424,5332.01,3.0,4.0
425,9108.05,3.0,3.0
426,6704.13,3.0,3.0
427,2213.02,3.0,4.0
428,6213.26,3.0,3.0
429,5424.01,3.0,2.0
430,6507.01,3.0,4.0
431,6506.03,3.0,3.0
432,2188.0,3.0,3.0
433,6041.0,3.0,2.0
434,2282.2,3.0,2.0
435,5356.05,3.0,2.0
436,6203.05,3.0,2.0
437,6512.21,3.0,2.0
438,6213.24,3.0,4.0
439,6511.02,3.0,2.0
440,6201.01,3.0,3.0
441,6704.11,3.0,4.0
442,6202.01,3.0,2.0
443,9001.04,3.0,2.0
444,5416.05,3.0,4.0
445,2124.2,3.0,4.0
446,6500.03,3.0,3.0
447,2132.01,3.0,3.0
448,2283.2,3.0,2.0
449,5344.03,3.0,2.0
450,6512.22,3.0,2.0
451,6032.0,3.0,2.0
452,2118.03,3.0,3.0
453,9012.1,3.0,3.0
454,2133.1,3.0,4.0
455,6506.05,3.0,4.0
456,1992.01,3.0,3.0
457,2340.0,3.0,2.0
458,2284.1,3.0,2.0
459,6501.01,3.0,2.0
460,6507.02,3.0,3.0
461,6512.01,3.0,4.0
462,2115.0,3.0,3.0
463,2132.02,3.0,3.0
464,6506.02,3.0,4.0
465,9001.03,3.0,2.0
466,6704.16,3.0,3.0
467,1924.2,3.0,3.0
468,5402.03,3.0,2.0
469,6703.24,3.0,3.0
470,6212.04,3.0,3.0
471,1994.0,3.0,3.0
472,2283.1,3.0,2.0
473,2118.04,3.0,4.0
474,2213.03,3.0,3.0
475,2123.05,3.0,4.0
476,2039.0,3.0,4.0
477,2220.01,3.0,3.0
478,6508.0,3.0,3.0
479,2246.0,3.0,3.0
480,2317.1,3.0,2.0
481,2723.01,3.0,2.0
482,2077.1,3.0,4.0
483,2117.04,3.0,4.0
484,2217.1,3.0,2.0
485,2041.1,3.0,4.0
486,2212.1,3.0,3.0
487,2201.0,3.0,2.0
488,2049.1,3.0,4.0
489,2118.02,3.0,4.0
490,2079.0,3.0,4.0
491,2111.22,3.0,3.0
492,2124.1,3.0,4.0
493,2219.0,3.0,2.0
494,6504.01,3.0,4.0
495,6500.04,3.0,3.0
496,2343.0,3.0,2.0
497,6703.26,3.0,4.0
498,2213.04,3.0,3.0
499,5358.02,3.0,2.0
500,2699.06,3.0,3.0
501,7024.0,3.0,2.0
502,5312.01,3.0,4.0
503,6704.07,3.0,4.0
504,2285.0,3.0,2.0
505,1976.0,3.0,4.0
506,5358.03,3.0,2.0
507,2753.02,3.0,2.0
508,1909.01,3.0,5.0
509,5403.0,3.0,2.0
510,2701.0,3.0,2.0
511,2126.1,3.0,3.0
512,2117.01,3.0,4.0
513,2199.02,3.0,4.0
514,2129.0,3.0,2.0
515,2218.1,3.0,2.0
516,2198.0,3.0,3.0
517,2123.06,3.0,2.0
518,9110.01,3.0,3.0
519,1924.1,3.0,3.0
520,6706.02,3.0,3.0
521,2200.0,3.0,2.0
522,5357.01,3.0,2.0
523,2199.01,3.0,4.0
524,2699.07,3.0,3.0
525,2060.1,3.0,4.0
526,2220.02,3.0,3.0
527,2126.2,3.0,2.0
528,2212.2,3.0,4.0
529,5311.02,3.0,4.0
530,2125.02,3.0,3.0
531,5311.01,3.0,4.0
532,2286.0,3.0,2.0
533,1993.0,3.0,3.0
534,2732.0,3.0,3.0
535,6501.02,3.0,3.0
536,2125.01,3.0,3.0
537,2182.2,3.0,2.0
538,5358.04,3.0,2.0
539,2216.02,3.0,3.0
540,2218.2,3.0,2.0
541,2114.2,3.0,3.0
542,6513.04,3.0,3.0
543,2766.03,3.0,2.0
544,5345.01,3.0,2.0
545,2240.2,3.0,3.0
546,2133.2,3.0,3.0
547,6513.02,3.0,3.0
548,5420.0,3.0,4.0
549,2723.02,3.0,2.0
550,2703.0,3.0,3.0
551,2314.0,3.0,3.0
552,2187.02,3.0,2.0
553,2211.2,3.0,3.0
554,2739.02,3.0,2.0
555,5421.05,3.0,2.0
556,2117.03,3.0,4.0
557,2113.2,3.0,4.0
558,9001.02,3.0,2.0
559,1909.02,3.0,4.0
560,2754.0,3.0,2.0
561,2037.1,3.0,4.0
562,7028.03,3.0,2.0
563,2742.02,3.0,3.0
564,2913.0,3.0,2.0
565,2244.1,3.0,2.0
566,6702.02,3.0,4.0
567,5313.02,3.0,5.0
568,2736.0,3.0,2.0
569,1925.1,3.0,3.0
570,6509.01,3.0,3.0
571,2051.2,3.0,4.0
572,2127.01,3.0,2.0
573,2197.0,3.0,3.0
574,2737.0,3.0,4.0
575,5402.02,3.0,2.0
576,2214.02,3.0,3.0
577,2112.02,3.0,4.0
578,1926.2,3.0,4.0
579,2942.0,3.0,2.0
580,1923.0,3.0,3.0
581,2134.02,3.0,3.0
582,2119.22,3.0,4.0
583,2131.0,3.0,2.0
584,2721.0,3.0,4.0
585,2313.0,3.0,4.0
586,1862.01,3.0,2.0
587,5417.0,3.0,2.0
588,6704.06,3.0,3.0
589,6704.03,3.0,4.0
590,1853.1,3.0,3.0
591,5338.04,3.0,2.0
592,2741.0,3.0,2.0
593,2722.01,3.0,2.0
594,2214.01,3.0,2.0
595,1918.2,3.0,3.0
596,2738.0,3.0,3.0
597,2128.0,3.0,3.0
598,1834.01,3.0,4.0
599,5424.02,3.0,2.0
600,9200.12,3.0,3.0
601,2695.0,3.0,3.0
602,5310.0,3.0,4.0
603,2735.02,3.0,2.0
604,5356.07,3.0,2.0
605,2945.1,3.0,2.0
606,5401.02,3.0,2.0
607,2948.1,3.0,3.0
608,2112.01,3.0,4.0
609,2698.0,3.0,2.0
610,2186.0,3.0,3.0
611,2184.0,3.0,4.0
612,7028.01,3.0,3.0
613,2943.02,3.0,2.0
614,2226.0,3.0,2.0
615,2920.0,3.0,3.0
616,1904.01,3.0,5.0
617,5433.22,3.0,3.0
618,1851.0,3.0,3.0
619,2722.02,3.0,3.0
620,6703.28,3.0,3.0
621,1991.2,3.0,4.0
622,2221.0,3.0,2.0
623,1957.2,3.0,4.0
624,2080.0,3.0,4.0
625,2943.01,3.0,2.0
626,2733.0,3.0,3.0
627,2216.01,3.0,2.0
628,1862.02,3.0,3.0
629,2121.02,3.0,3.0
630,2718.02,3.0,3.0
631,2781.02,3.0,2.0
632,1925.2,3.0,4.0
633,5315.04,3.0,5.0
634,5359.02,3.0,3.0
635,1862.03,3.0,3.0
636,2933.04,3.0,3.0
637,2091.02,3.0,3.0
638,2111.2,3.0,3.0
639,2164.02,3.0,4.0
640,2187.01,3.0,3.0
641,2122.04,4.0,3.0
642,2225.0,4.0,2.0
643,2948.3,4.0,3.0
644,5315.03,4.0,5.0
645,5360.0,4.0,2.0
646,5439.03,4.0,2.0
647,2111.21,4.0,3.0
648,3008.0,4.0,4.0
649,5308.01,4.0,3.0
650,2717.01,4.0,3.0
651,4606.0,4.0,2.0
652,2182.1,4.0,2.0
653,2702.0,4.0,4.0
654,6700.01,4.0,4.0
655,5357.02,4.0,2.0
656,2731.0,4.0,4.0
657,2734.02,4.0,3.0
658,1975.0,4.0,4.0
659,2185.0,4.0,4.0
660,2121.01,4.0,4.0
661,2083.02,4.0,3.0
662,1911.2,4.0,5.0
663,2183.0,4.0,3.0
664,5344.06,4.0,3.0
665,1958.04,4.0,4.0
666,2945.2,4.0,2.0
667,1883.0,4.0,3.0
668,1915.0,4.0,5.0
669,1864.03,4.0,4.0
670,2714.0,4.0,3.0
671,6514.02,4.0,3.0
672,7022.02,4.0,4.0
673,1863.02,4.0,5.0
674,5309.01,4.0,4.0
675,1872.0,4.0,4.0
676,2222.0,4.0,2.0
677,2167.0,4.0,3.0
678,5401.01,4.0,3.0
679,2699.04,4.0,3.0
680,3007.01,4.0,4.0
681,5338.06,4.0,3.0
682,2031.0,4.0,5.0
683,2086.1,4.0,3.0
684,2944.21,4.0,3.0
685,6702.01,4.0,3.0
686,2949.0,4.0,2.0
687,1852.03,4.0,4.0
688,5704.04,4.0,2.0
689,1916.2,4.0,5.0
690,2093.0,4.0,4.0
691,2215.0,4.0,2.0
692,2127.02,4.0,2.0
693,1956.0,4.0,5.0
694,1905.2,4.0,5.0
695,5337.01,4.0,4.0
696,6700.02,4.0,4.0
697,1977.0,4.0,4.0
698,3025.05,4.0,3.0
699,5341.01,4.0,3.0
700,2933.06,4.0,3.0
701,5334.02,4.0,4.0
702,2933.02,4.0,3.0
703,2690.0,4.0,3.0
704,2962.2,4.0,4.0
705,1852.04,4.0,4.0
706,2962.1,4.0,4.0
707,2933.07,4.0,3.0
708,5343.01,4.0,3.0
709,2172.0,4.0,4.0
710,6510.02,4.0,3.0
711,5336.03,4.0,4.0
712,2242.0,4.0,3.0
713,5704.03,4.0,2.0
714,2038.0,4.0,4.0
715,2084.02,4.0,4.0
716,2944.1,4.0,2.0
717,5333.0,4.0,4.0
718,7010.0,4.0,3.0
719,2932.02,4.0,2.0
720,5437.01,4.0,3.0
721,1974.2,4.0,5.0
722,2243.1,4.0,2.0
723,6511.01,4.0,3.0
724,2168.0,4.0,3.0
725,1957.1,4.0,4.0
726,5433.06,4.0,3.0
727,5334.01,4.0,4.0
728,2679.01,4.0,4.0
729,1864.04,4.0,5.0
730,1916.1,4.0,5.0
731,5335.01,4.0,3.0
732,2933.01,4.0,2.0
733,6705.0,4.0,3.0
734,1881.0,4.0,3.0
735,1926.1,4.0,5.0
736,2697.0,4.0,4.0
737,2032.0,4.0,4.0
738,2693.0,4.0,3.0
739,6701.0,4.0,3.0
740,1892.01,4.0,4.0
741,2679.02,4.0,3.0
742,1861.0,4.0,3.0
743,1958.03,4.0,4.0
744,2134.01,4.0,2.0
745,6510.01,4.0,3.0
746,5704.02,4.0,2.0
747,1863.01,4.0,3.0
748,6704.05,4.0,4.0
749,6707.02,4.0,3.0
750,2718.01,4.0,3.0
751,2083.01,4.0,3.0
752,5436.04,4.0,2.0
753,1927.0,4.0,3.0
754,5338.05,4.0,3.0
755,5309.02,4.0,4.0
756,1873.0,4.0,4.0
757,5313.01,4.0,5.0
758,1972.0,4.0,5.0
759,5359.01,4.0,2.0
760,1903.01,4.0,3.0
761,2084.01,4.0,3.0
762,1835.2,4.0,4.0
763,5361.03,4.0,3.0
764,2719.01,4.0,3.0
765,2088.02,4.0,3.0
766,5436.03,4.0,2.0
767,2671.0,4.0,4.0
768,6514.01,4.0,4.0
769,1871.02,4.0,3.0
770,2161.0,4.0,3.0
771,5337.03,4.0,3.0
772,1912.01,4.0,5.0
773,5400.0,4.0,4.0
774,2719.02,4.0,3.0
775,2947.01,4.0,3.0
776,2696.01,4.0,4.0
777,2715.0,4.0,4.0
778,5438.01,4.0,2.0
779,5361.04,4.0,2.0
780,2951.03,4.0,3.0
781,1973.0,4.0,5.0
782,5344.05,4.0,2.0
783,2948.2,4.0,3.0
784,5315.02,4.0,5.0
785,1958.02,4.0,3.0
786,2972.01,4.0,3.0
787,6099.0,4.0,4.0
788,2243.2,4.0,2.0
789,2965.0,4.0,4.0
790,1912.03,4.0,5.0
791,5437.03,4.0,4.0
792,2966.0,4.0,4.0
793,5337.02,4.0,4.0
794,6509.02,4.0,3.0
795,2974.0,4.0,3.0
796,2087.2,4.0,3.0
797,5338.03,4.0,3.0
798,6700.03,4.0,4.0
799,2963.0,4.0,3.0
800,1893.0,4.0,4.0
801,2087.1,4.0,4.0
802,5336.02,4.0,4.0
803,2095.1,4.0,3.0
804,1992.02,4.0,3.0
805,6707.01,4.0,3.0
806,5336.01,4.0,4.0
807,3005.02,4.0,4.0
808,1852.02,4.0,3.0
809,2696.02,4.0,3.0
810,2094.02,4.0,3.0
811,7009.02,4.0,3.0
812,2711.0,4.0,5.0
813,5436.02,4.0,2.0
814,2164.01,4.0,4.0
815,5435.03,4.0,3.0
816,1959.03,4.0,3.0
817,3025.06,4.0,4.0
818,1871.01,4.0,3.0
819,5332.02,4.0,4.0
820,3107.02,4.0,3.0
821,1955.0,4.0,5.0
822,5438.02,4.0,3.0
823,2098.2,4.0,3.0
824,2089.03,4.0,3.0
825,2170.02,4.0,4.0
826,2713.0,4.0,5.0
827,5435.02,4.0,3.0
828,5422.0,4.0,2.0
829,3020.04,4.0,3.0
830,1834.02,4.0,3.0
831,2972.02,4.0,3.0
832,5439.05,4.0,4.0
833,1974.1,4.0,5.0
834,2085.01,4.0,3.0
835,2100.1,4.0,3.0
836,1895.0,4.0,3.0
837,2964.02,4.0,3.0
838,2085.02,4.0,3.0
839,7021.02,4.0,3.0
840,5339.01,4.0,2.0
841,2691.0,4.0,3.0
842,2964.01,4.0,3.0
843,2717.02,4.0,3.0
844,3015.01,4.0,3.0
845,7009.01,4.0,4.0
846,3007.02,4.0,3.0
847,5335.02,4.0,4.0
848,5308.02,4.0,3.0
849,5437.02,4.0,4.0
850,2946.1,4.0,4.0
851,2969.01,4.0,4.0
852,2973.0,4.0,4.0
853,2932.01,4.0,2.0
854,3021.03,4.0,4.0
855,1918.1,4.0,3.0
856,1908.02,4.0,3.0
857,2171.0,4.0,5.0
858,2170.01,4.0,4.0
859,2970.0,4.0,4.0
860,2969.02,4.0,4.0
861,2712.0,4.0,5.0
862,3021.02,4.0,4.0
863,5306.01,4.0,4.0
864,3025.03,4.0,4.0
865,5418.01,4.0,2.0
866,3010.0,4.0,3.0
867,3017.02,4.0,3.0
868,2975.0,4.0,3.0
869,1914.2,4.0,3.0
870,3021.04,4.0,3.0
871,1914.1,4.0,4.0
872,2716.0,4.0,4.0
873,320.46,4.0,3.0
874,3020.02,4.0,3.0
875,3025.04,4.0,4.0
876,3019.0,4.0,4.0
877,5334.03,4.0,4.0
878,2971.1,4.0,3.0
879,3001.0,4.0,2.0
880,1816.0,4.0,3.0
881,3003.01,4.0,3.0
882,3005.01,4.0,4.0
883,5335.03,4.0,4.0
884,1951.0,4.0,3.0
885,1891.01,4.0,4.0
886,1833.0,4.0,4.0
887,1813.0,4.0,3.0
888,2941.1,4.0,4.0
889,2110.0,4.0,3.0
890,1910.0,4.0,3.0
891,1031.02,4.0,4.0
892,1919.02,4.0,3.0
893,3004.0,4.0,2.0
894,3012.06,4.0,3.0
895,1913.02,4.0,5.0
896,1896.0,4.0,3.0
897,2971.2,4.0,3.0
898,2678.0,4.0,4.0
899,1891.02,4.0,4.0
900,9108.1,4.0,4.0
901,3014.0,4.0,3.0
902,3018.02,4.0,3.0
903,2147.0,4.0,4.0
904,3022.01,4.0,4.0
905,3015.02,4.0,3.0
906,2169.0,4.0,5.0
907,1991.1,4.0,3.0
908,1907.0,4.0,3.0
909,1814.0,4.0,3.0
910,320.39,4.0,3.0
911,1959.02,4.0,4.0
912,423.36,4.0,3.0
913,320.59,4.0,4.0
914,1959.01,4.0,4.0
915,1882.02,4.0,3.0
916,3011.0,4.0,4.0
917,5436.01,4.0,3.0
918,3024.01,4.0,4.0
919,1897.01,4.0,4.0
920,3102.01,4.0,3.0
921,1882.01,4.0,3.0
922,2151.01,4.0,4.0
923,320.22,4.0,3.0
924,1835.1,4.0,4.0
925,3107.03,4.0,3.0
926,2976.02,4.0,3.0
927,1011.22,4.0,4.0
928,5302.02,4.0,4.0
929,5433.04,4.0,3.0
930,5435.01,4.0,3.0
931,1031.01,4.0,3.0
932,3022.02,4.0,4.0
933,2976.01,4.0,3.0
934,3102.02,4.0,3.0
935,1919.01,4.0,3.0
936,1954.0,4.0,4.0
937,7008.02,4.0,4.0
938,2162.0,4.0,4.0
939,3009.02,4.0,3.0
940,5307.0,4.0,3.0
941,3012.05,4.0,3.0
942,1894.0,4.0,3.0
943,423.15,4.0,3.0
944,1899.02,4.0,4.0
945,3023.02,4.0,3.0
946,421.14,4.0,3.0
947,423.38,4.0,3.0
948,423.32,4.0,3.0
949,1953.0,4.0,4.0
950,3016.02,4.0,5.0
951,1899.04,4.0,4.0
952,1913.01,4.0,3.0
953,5339.02,4.0,3.0
954,1892.02,4.0,4.0
955,4605.01,4.0,2.0
956,320.57,4.0,3.0
957,1952.02,4.0,4.0
958,320.12,4.0,3.0
959,3013.0,4.0,3.0
960,5316.02,4.0,5.0
961,2672.0,4.0,4.0
962,421.09,4.0,3.0
963,2677.0,4.0,5.0
964,3018.01,4.0,3.0
965,423.11,4.0,3.0
966,423.12,4.0,4.0
967,1901.0,4.0,4.0
968,7007.0,4.0,3.0
969,3012.03,4.0,3.0
970,7022.01,4.0,4.0
971,422.06,4.0,3.0
972,422.05,4.0,3.0
973,421.06,4.0,4.0
974,7.01,4.0,5.0
975,423.39,4.0,3.0
976,423.37,4.0,3.0
977,3023.01,4.0,4.0
978,5342.02,4.0,3.0
979,5341.02,4.0,2.0
980,421.07,4.0,3.0
981,421.11,4.0,4.0
982,524.1,4.0,3.0
983,5.0,4.0,5.0
984,6.0,4.0,5.0
985,4.0,4.0,5.0
986,3016.01,4.0,5.0
987,1864.01,4.0,5.0
988,3107.01,4.0,3.0
989,52.04,4.0,5.0
990,422.03,4.0,3.0
991,5305.0,4.0,4.0
992,320.38,4.0,3.0
993,320.61,4.0,3.0
994,2163.0,4.0,4.0
995,1832.21,4.0,3.0
996,421.08,4.0,4.0
997,423.23,4.0,2.0
998,7023.0,4.0,4.0
999,1952.01,4.0,4.0
1000,5316.03,4.0,5.0
1001,9.01,4.0,4.0
1002,9.02,4.0,4.0
1003,52.05,4.0,4.0
1004,423.29,4.0,4.0
1005,423.3,4.0,4.0
1006,423.17,4.0,3.0
1007,320.23,4.0,3.0
1008,1899.03,4.0,4.0
1009,3002.0,4.0,2.0
1010,320.13,4.0,3.0
1011,1920.01,4.0,3.0
1012,423.33,4.0,3.0
1013,423.13,4.0,2.0
1014,423.28,4.0,3.0
1015,423.31,4.0,3.0
1016,320.4,4.0,3.0
1017,3012.04,4.0,4.0
1018,10.02,4.0,5.0
1019,11.01,4.0,3.0
1020,3020.03,4.0,3.0
1021,7.02,4.0,4.0
1022,524.15,4.0,3.0
1023,3009.01,4.0,3.0
1024,9.03,4.0,4.0
1025,51.0,4.0,4.0
1026,421.13,4.0,3.0
1027,423.2,4.0,3.0
1028,1.0,4.0,4.0
1029,320.44,4.0,3.0
1030,7020.02,4.0,3.0
1031,320.45,4.0,4.0
1032,5340.01,4.0,3.0
1033,423.35,4.0,3.0
1034,5303.02,4.0,4.0
1035,47.17,4.0,2.0
1036,47.16,4.0,2.0
1037,47.11,4.0,3.0
1038,89.0,4.0,3.0
1039,40.0,4.0,3.0
1040,41.01,4.0,3.0
1041,13.02,4.0,4.0
1042,12.01,4.0,4.0
1043,53.05,4.0,4.0
1044,28.0,4.0,2.0
1045,25.0,4.0,2.0
1046,15.06,4.0,3.0
1047,30.13,4.0,3.0
1048,30.1,4.0,4.0
1049,29.01,4.0,3.0
1050,33.0,4.0,3.0
1051,29.05,4.0,3.0
1052,50.04,4.0,3.0
1053,50.02,4.0,3.0
1054,50.03,4.0,4.0
1055,31.0,4.0,4.0
1056,30.11,4.0,3.0
1057,15.07,4.0,3.0
1058,49.01,4.0,3.0
1059,1899.05,4.0,4.0
1060,1836.1,4.0,4.0
1061,2941.2,4.0,4.0
1062,423.1,4.0,3.0
1063,422.01,4.0,3.0
1064,421.12,4.0,3.0
1065,1011.1,4.0,4.0
1066,27.0,4.0,4.0
1067,15.02,4.0,2.0
1068,15.03,4.0,3.0
1069,14.01,4.0,3.0
1070,21.02,4.0,3.0
1071,55.02,4.0,4.0
1072,55.03,4.0,4.0
1073,55.04,4.0,4.0
1074,18.0,4.0,2.0
1075,12.02,4.0,3.0
1076,19.0,4.0,2.0
1077,14.02,4.0,3.0
1078,17.0,4.0,3.0
1079,20.0,4.0,4.0
1080,1897.02,4.0,4.0
1081,12.04,4.0,3.0
1082,54.03,4.0,4.0
1083,4605.02,4.0,3.0
1084,1064.06,4.0,3.0
1085,8.0,4.0,4.0
1086,7006.0,4.0,3.0
1087,37.0,4.0,3.0
1088,36.09,4.0,3.0
1089,36.05,4.0,4.0
1090,43.04,4.0,3.0
1091,86.0,4.0,3.0
1092,36.08,4.0,3.0
1093,38.02,4.0,3.0
1094,39.0,4.0,3.0
1095,88.0,4.0,3.0
1096,38.01,4.0,3.0
1097,52.03,4.0,3.0
1098,2145.01,4.0,4.0
1099,22.0,4.0,3.0
1100,23.0,4.0,4.0
1101,626.22,4.0,5.0
1102,421.03,4.0,3.0
1103,24.0,4.0,3.0
1104,26.0,4.0,4.0
1105,423.27,4.0,4.0
1106,11.02,4.0,4.0
1107,10.01,4.0,4.0
1108,423.19,4.0,3.0
1109,423.26,4.0,3.0
1110,423.34,4.0,3.0
1111,1832.22,4.0,3.0
1112,320.03,4.0,4.0
1113,5316.04,4.0,4.0
1114,53.03,4.0,4.0
1115,1437.0,4.0,4.0
1116,32.01,4.0,3.0
1117,91.0,4.0,3.0
1118,87.0,4.0,3.0
1119,49.02,4.0,3.0
1120,5421.04,4.0,3.0
1121,45.04,4.0,4.0
1122,47.1,4.0,3.0
1123,2140.0,4.0,3.0
1124,12.06,4.0,4.0
1125,1810.0,4.0,3.0
1126,1060.1,4.0,3.0
1127,2149.02,4.0,4.0
1128,2148.0,4.0,4.0
1129,5361.02,4.0,3.0
1130,5342.03,4.0,3.0
1131,1013.0,4.0,4.0
1132,2651.0,4.0,3.0
1133,1012.1,4.0,4.0
1134,47.15,4.0,3.0
1135,320.35,4.0,3.0
1136,36.12,4.0,4.0
1137,42.0,4.0,3.0
1138,626.39,4.0,4.0
1139,320.32,4.0,3.0
1140,320.34,4.0,3.0
1141,7019.02,4.0,3.0
1142,4607.0,4.0,3.0
1143,320.5,4.0,4.0
1144,2946.2,4.0,4.0
1145,45.05,4.0,4.0
1146,44.0,4.0,3.0
1147,45.06,4.0,3.0
1148,43.05,4.0,4.0
1149,45.03,4.0,3.0
1150,320.02,4.0,3.0
1151,2014.02,4.0,4.0
1152,1902.02,4.0,4.0
1153,320.48,4.0,3.0
1154,626.4,4.0,3.0
1155,54.04,4.0,4.0
1156,320.51,4.0,4.0
1157,320.54,4.0,4.0
1158,320.58,4.0,4.0
1159,3101.0,4.0,4.0
1160,3117.0,4.0,4.0
1161,7018.02,4.0,3.0
1162,3006.0,4.0,4.0
1163,54.01,4.0,4.0
1164,52.02,4.0,4.0
1165,320.36,4.0,3.0
1166,1065.2,4.0,4.0
1167,7016.02,4.0,4.0
1168,524.26,4.0,3.0
1169,626.25,4.0,3.0
1170,1832.2,4.0,4.0
1171,1012.2,4.0,4.0
1172,2144.0,4.0,4.0
1173,320.56,4.0,4.0
1174,320.37,4.0,3.0
1175,626.05,4.0,4.0
1176,117.09,4.0,3.0
1177,1815.0,4.0,4.0
1178,7015.02,4.0,3.0
1179,320.2,4.0,3.0
1180,320.53,4.0,4.0
1181,320.55,4.0,4.0
1182,2611.02,4.0,3.0
1183,3106.02,4.0,4.0
1184,320.31,4.0,3.0
1185,320.33,4.0,3.0
1186,2149.01,4.0,4.0
1187,5317.01,4.0,4.0
1188,423.25,4.0,3.0
1189,5303.01,4.0,5.0
1190,2676.0,4.0,4.0
1191,320.43,4.0,4.0
1192,320.42,4.0,4.0
1193,626.36,4.0,4.0
1194,1064.08,4.0,3.0
1195,1060.2,4.0,3.0
1196,1064.05,4.0,3.0
1197,626.21,4.0,4.0
1198,1061.13,4.0,3.0
1199,7017.02,4.0,3.0
1200,5304.0,4.0,4.0
1201,320.41,4.0,4.0
1202,5717.01,4.0,5.0
1203,3103.0,4.0,3.0
1204,524.08,4.0,3.0
1205,3118.01,4.0,5.0
1206,2640.0,4.0,3.0
1207,7018.01,4.0,4.0
1208,115.04,4.0,3.0
1209,56.0,4.0,4.0
1210,4608.0,4.0,3.0
1211,5703.04,4.0,5.0
1212,2675.02,4.0,4.0
1213,1064.07,4.0,3.0
1214,1066.04,4.0,4.0
1215,2013.01,4.0,3.0
1216,3118.02,4.0,5.0
1217,2674.04,4.0,3.0
1218,7004.0,4.0,4.0
1219,626.48,4.0,3.0
1220,1095.0,4.0,5.0
1221,2654.2,4.0,4.0
1222,524.11,4.0,3.0
1223,1070.1,4.0,4.0
1224,2641.02,4.0,3.0
1225,320.3,4.0,3.0
1226,1061.12,4.0,3.0
1227,4638.0,4.0,3.0
1228,3017.01,4.0,4.0
1229,626.38,4.0,4.0
1230,626.41,4.0,4.0
1231,7016.01,4.0,3.0
1232,626.33,4.0,3.0
1233,1838.1,4.0,5.0
1234,626.37,4.0,3.0
1235,2656.01,4.0,4.0
1236,320.27,4.0,3.0
1237,5418.02,4.0,3.0
1238,7012.01,4.0,3.0
1239,117.2,4.0,4.0
1240,423.24,4.0,4.0
1241,5317.02,4.0,5.0
1242,7012.02,4.0,3.0
1243,1941.01,4.0,5.0
1244,2.0,4.0,3.0
1245,5729.0,4.0,4.0
1246,320.15,4.0,3.0
1247,4609.0,4.0,4.0
1248,320.28,4.0,3.0
1249,2643.02,4.0,3.0
1250,524.25,4.0,3.0
1251,2141.0,4.0,3.0
1252,1254.02,4.0,3.0
1253,1432.0,4.0,4.0
1254,5440.02,4.0,4.0
1255,9302.0,4.0,3.0
1256,626.04,4.0,4.0
1257,4616.0,4.0,4.0
1258,1061.11,4.0,3.0
1259,524.22,4.0,3.0
1260,626.46,4.0,5.0
1261,1064.03,4.0,4.0
1262,524.24,4.0,4.0
1263,1034.0,4.0,3.0
1264,2014.01,4.0,3.0
1265,4615.01,4.0,5.0
1266,2612.0,4.0,4.0
1267,7017.01,4.0,3.0
1268,2146.0,4.0,4.0
1269,5323.02,4.0,5.0
1270,5421.03,4.0,4.0
1271,626.34,4.0,3.0
1272,626.35,4.0,3.0
1273,1920.02,4.0,3.0
1274,320.11,4.0,3.0
1275,524.16,4.0,4.0
1276,115.03,4.0,3.0
1277,5755.0,4.0,4.0
1278,117.16,4.0,3.0
1279,1836.2,4.0,5.0
1280,1192.02,4.0,4.0
1281,1032.0,4.0,4.0
1282,1831.04,4.0,3.0
1283,7013.02,4.0,3.0
1284,1070.2,4.0,4.0
1285,626.19,4.0,4.0
1286,1255.02,4.0,3.0
1287,2674.02,4.0,3.0
1288,2653.03,4.0,5.0
1289,1192.01,4.0,5.0
1290,5306.02,4.0,4.0
1291,2653.05,4.0,5.0
1292,2675.01,4.0,4.0
1293,2641.03,4.0,3.0
1294,4603.01,4.0,4.0
1295,117.08,4.0,3.0
1296,5727.0,4.0,4.0
1297,4619.01,4.0,4.0
1298,3109.0,4.0,4.0
1299,2623.03,4.0,3.0
1300,53.06,4.0,4.0
1301,2655.1,4.0,5.0
1302,1044.01,4.0,5.0
1303,524.28,4.0,4.0
1304,7005.01,4.0,4.0
1305,1944.02,4.0,4.0
1306,4602.0,4.0,4.0
1307,53.04,4.0,5.0
1308,5421.06,4.0,3.0
1309,117.11,4.0,3.0
1310,423.07,4.0,3.0
1311,115.02,4.0,3.0
1312,117.21,4.0,4.0
1313,1094.0,4.0,4.0
1314,7015.01,4.0,3.0
1315,4610.0,4.0,5.0
1316,320.14,4.0,4.0
1317,1042.01,4.0,4.0
1318,320.29,4.0,3.0
1319,2622.0,4.0,4.0
1320,1944.01,4.0,4.0
1321,1061.14,4.0,3.0
1322,626.49,4.0,4.0
1323,5723.01,4.0,4.0
1324,5318.0,4.0,5.0
1325,4603.02,4.0,4.0
1326,4617.0,4.0,3.0
1327,4637.0,4.0,3.0
1328,626.47,4.0,4.0
1329,5440.01,4.0,4.0
1330,320.49,4.0,4.0
1331,117.12,4.0,3.0
1332,320.47,4.0,3.0
1333,117.14,4.0,4.0
1334,1838.2,4.0,5.0
1335,2643.01,4.0,3.0
1336,2673.0,4.0,4.0
1337,4615.02,4.0,5.0
1338,4601.0,4.0,4.0
1339,2655.2,4.0,4.0
1340,2621.0,4.0,4.0
1341,2654.1,4.0,4.0
1342,2674.03,4.0,4.0
1343,7001.01,4.0,4.0
1344,113.0,4.0,3.0
1345,1065.1,4.0,3.0
1346,9108.07,4.0,4.0
1347,1190.02,4.0,5.0
1348,524.23,4.0,3.0
1349,114.02,4.0,3.0
1350,3115.0,4.0,3.0
1351,7003.0,4.0,3.0
1352,2623.02,4.0,3.0
1353,5538.01,4.0,3.0
1354,4620.02,4.0,5.0
1355,7008.01,4.0,4.0
1356,1096.01,4.0,4.0
1357,626.32,4.0,4.0
1358,3105.01,4.0,3.0
1359,864.04,4.0,5.0
1360,1837.01,4.0,5.0
1361,5726.0,4.0,4.0
1362,5537.02,4.0,3.0
1363,3203.0,4.0,5.0
1364,3116.0,4.0,3.0
1365,1194.0,4.0,5.0
1366,2656.02,4.0,4.0
1367,4604.01,4.0,4.0
1368,524.27,4.0,3.0
1369,219.24,4.0,4.0
1370,2657.0,4.0,4.0
1371,2652.02,4.0,5.0
1372,5514.01,4.0,3.0
1373,7005.02,4.0,4.0
1374,117.22,4.0,4.0
1375,9108.08,4.0,4.0
1376,116.02,4.0,5.0
1377,5323.03,4.0,5.0
1378,1436.03,4.0,3.0
1379,218.2,4.0,3.0
1380,59.01,4.0,3.0
1381,218.09,4.0,4.0
1382,218.1,4.0,4.0
1383,117.07,4.0,4.0
1384,1193.1,4.0,4.0
1385,5703.03,4.0,3.0
1386,1831.01,4.0,3.0
1387,117.18,4.0,4.0
1388,4611.0,4.0,5.0
1389,1193.42,4.0,4.0
1390,1943.0,4.0,3.0
1391,423.05,4.0,4.0
1392,58.02,4.0,4.0
1393,7014.02,4.0,3.0
1394,9200.39,4.0,3.0
1395,9200.37,4.0,4.0
1396,60.0,4.0,4.0
1397,1193.41,4.0,4.0
1398,4827.01,4.0,3.0
1399,1199.0,4.0,5.0
1400,218.12,4.0,4.0
1401,218.25,4.0,4.0
1402,116.01,4.0,3.0
1403,5720.02,4.0,3.0
1404,4621.0,4.0,5.0
1405,117.15,4.0,4.0
1406,7002.0,4.0,4.0
1407,9200.43,4.0,4.0
1408,1096.04,4.0,4.0
1409,114.03,4.0,3.0
1410,3106.01,4.0,3.0
1411,4619.02,4.0,3.0
1412,117.1,4.0,4.0
1413,525.17,4.0,4.0
1414,1256.0,4.0,3.0
1415,1033.0,4.0,3.0
1416,117.17,4.0,4.0
1417,524.19,4.0,3.0
1418,1197.0,4.0,3.0
1419,866.01,4.0,3.0
1420,9200.4,4.0,3.0
1421,3113.0,4.0,3.0
1422,218.29,4.0,3.0
1423,4639.0,4.0,3.0
1424,5319.02,4.0,5.0
1425,1066.42,4.0,4.0
1426,1203.0,4.0,5.0
1427,59.1,4.0,3.0
1428,59.08,4.0,4.0
1429,1898.0,4.0,4.0
1430,5990.0,4.0,3.0
1431,9200.41,4.0,4.0
1432,1204.0,4.0,4.0
1433,218.3,4.0,3.0
1434,524.18,4.0,4.0
1435,866.02,4.0,3.0
1436,1431.0,4.0,3.0
1437,1945.0,4.0,4.0
1438,1014.0,4.0,4.0
1439,1271.04,4.0,3.0
1440,1066.48,4.0,4.0
1441,3111.0,4.0,4.0
1442,4624.0,4.0,4.0
1443,1190.01,4.0,3.0
1444,9108.09,4.0,4.0
1445,1198.0,4.0,4.0
1446,5302.04,4.0,5.0
1447,1201.04,4.0,5.0
1448,1201.05,4.0,4.0
1449,1221.21,4.0,5.0
1450,5725.0,4.0,4.0
1451,1091.0,4.0,4.0
1452,1942.0,4.0,4.0
1453,5717.03,4.0,3.0
1454,4620.01,4.0,4.0
1455,218.21,4.0,3.0
1456,218.22,4.0,4.0
1457,3202.02,4.0,5.0
1458,1221.2,4.0,4.0
1459,5759.01,4.0,4.0
1460,4614.0,4.0,5.0
1461,5716.0,4.0,3.0
1462,3108.0,4.0,4.0
1463,1941.02,4.0,5.0
1464,5515.01,4.0,3.0
1465,2627.06,4.0,4.0
1466,5715.02,4.0,3.0
1467,2017.0,4.0,4.0
1468,626.2,4.0,5.0
1469,2628.02,4.0,3.0
1470,219.22,4.0,3.0
1471,4622.01,4.0,4.0
1472,5302.03,4.0,5.0
1473,15.05,4.0,4.0
1474,1193.2,4.0,4.0
1475,9200.26,4.0,4.0
1476,7013.04,4.0,3.0
1477,1171.02,4.0,4.0
1478,3.03,4.0,3.0
1479,5719.0,4.0,3.0
1480,9200.38,4.0,4.0
1481,5706.01,4.0,3.0
1482,114.01,4.0,3.0
1483,58.01,4.0,4.0
1484,1021.03,4.0,5.0
1485,1271.03,4.0,3.0
1486,1043.1,4.0,5.0
1487,218.02,4.0,4.0
1488,3114.0,4.0,3.0
1489,2652.01,4.0,4.0
1490,1096.03,4.0,4.0
1491,7001.02,4.0,3.0
1492,219.21,4.0,4.0
1493,218.26,4.0,4.0
1494,1044.03,4.0,5.0
1495,218.23,4.0,3.0
1496,2011.1,4.0,3.0
1497,1201.08,4.0,4.0
1498,5718.0,4.0,3.0
1499,5717.04,4.0,4.0
1500,1436.04,4.0,4.0
1501,3201.0,4.0,4.0
1502,5703.01,4.0,3.0
1503,1230.2,4.0,4.0
1504,218.24,4.0,3.0
1505,5722.02,4.0,3.0
1506,1093.0,4.0,4.0
1507,219.2,4.0,4.0
1508,15.04,4.0,4.0
1509,3104.0,4.0,3.0
1510,111.02,4.0,3.0
1511,1279.2,4.0,3.0
1512,5537.01,4.0,4.0
1513,2016.02,4.0,4.0
1514,1231.04,4.0,3.0
1515,5508.0,4.0,3.0
1516,3202.01,4.0,5.0
1517,3.04,4.0,3.0
1518,864.05,4.0,3.0
1519,5502.01,4.0,4.0
1520,5538.02,4.0,3.0
1521,1044.04,4.0,5.0
1522,5724.0,4.0,3.0
1523,1175.1,4.0,4.0
1524,1092.0,4.0,4.0
1525,1831.03,4.0,3.0
1526,1255.01,4.0,3.0
1527,5723.02,4.0,4.0
1528,1048.22,4.0,4.0
1529,1235.1,4.0,3.0
1530,1041.24,4.0,4.0
1531,9200.33,4.0,4.0
1532,5319.01,4.0,5.0
1533,525.05,4.0,4.0
1534,1106.07,4.0,3.0
1535,218.17,4.0,3.0
1536,864.06,4.0,4.0
1537,525.06,4.0,4.0
1538,219.05,4.0,4.0
1539,865.02,4.0,3.0
1540,749.02,4.0,5.0
1541,5763.01,4.0,3.0
1542,5730.03,4.0,3.0
1543,2611.01,4.0,4.0
1544,1066.41,4.0,4.0
1545,1041.05,4.0,5.0
1546,1021.05,4.0,3.0
1547,2625.01,4.0,4.0
1548,4820.02,4.0,3.0
1549,4807.02,4.0,3.0
1550,3110.0,4.0,3.0
1551,219.23,4.0,3.0
1552,867.02,4.0,4.0
1553,5754.01,4.0,5.0
1554,1211.02,4.0,4.0
1555,5758.03,4.0,4.0
1556,5702.02,4.0,3.0
1557,864.02,4.0,4.0
1558,1045.0,4.0,5.0
1559,1042.04,4.0,4.0
1560,5753.0,4.0,5.0
1561,218.27,4.0,4.0
1562,8005.06,4.0,4.0
1563,4612.0,4.0,4.0
1564,218.16,4.0,3.0
1565,79.03,4.0,3.0
1566,5731.0,4.0,3.0
1567,2623.01,4.0,4.0
1568,1201.03,4.0,4.0
1569,1041.08,4.0,3.0
1570,218.15,4.0,4.0
1571,218.14,4.0,3.0
1572,5730.04,4.0,3.0
1573,1211.01,4.0,5.0
1574,4807.03,4.0,3.0
1575,218.07,4.0,3.0
1576,2627.04,4.0,4.0
1577,9200.42,4.0,3.0
1578,524.17,4.0,4.0
1579,1021.07,4.0,4.0
1580,877.01,4.0,4.0
1581,5766.01,4.0,5.0
1582,9200.34,4.0,4.0
1583,5763.02,4.0,3.0
1584,5705.02,4.0,3.0
1585,5715.04,4.0,4.0
1586,1066.45,4.0,4.0
1587,2011.2,4.0,3.0
1588,5760.01,4.0,3.0
1589,5340.02,4.0,3.0
1590,1239.01,4.0,4.0
1591,1047.01,4.0,5.0
1592,1171.01,4.0,4.0
1593,2626.04,4.0,5.0
1594,16.02,4.0,3.0
1595,1416.0,4.0,4.0
1596,111.01,4.0,3.0
1597,4808.03,4.0,3.0
1598,756.05,4.0,4.0
1599,9200.31,4.0,3.0
1600,1041.03,4.0,3.0
1601,1279.1,4.0,3.0
1602,19.01,4.0,3.0
1603,9200.35,4.0,4.0
1604,9200.36,4.0,4.0
1605,1253.2,4.0,3.0
1606,1066.49,4.0,4.0
1607,19.02,4.0,3.0
1608,1413.03,4.0,4.0
1609,525.25,4.0,4.0
1610,219.17,4.0,4.0
1611,219.18,4.0,4.0
1612,4636.02,4.0,4.0
1613,865.01,4.0,3.0
1614,1232.04,4.0,4.0
1615,5759.02,4.0,5.0
1616,626.3,4.0,4.0
1617,5301.02,4.0,5.0
1618,5752.01,4.0,4.0
1619,1042.03,4.0,4.0
1620,1234.2,4.0,3.0
1621,9201.02,4.0,4.0
1622,1046.2,4.0,5.0
1623,5762.0,4.0,3.0
1624,218.28,4.0,4.0
1625,2012.0,4.0,4.0
1626,1066.43,4.0,4.0
1627,871.01,4.0,4.0
1628,219.19,4.0,4.0
1629,1237.0,4.0,3.0
1630,1043.2,4.0,5.0
1631,5730.02,4.0,4.0
1632,5705.01,4.0,3.0
1633,4820.01,4.0,3.0
1634,9200.32,4.0,3.0
1635,1066.03,4.0,3.0
1636,1233.01,4.0,3.0
1637,5539.02,4.0,5.0
1638,5765.01,4.0,5.0
1639,5754.02,4.0,5.0
1640,873.0,4.0,4.0
1641,1221.22,4.0,5.0
1642,5758.02,4.0,4.0
1643,5734.02,4.0,4.0
1644,1201.06,4.0,4.0
1645,63.01,4.0,4.0
1646,1021.04,4.0,3.0
1647,4808.02,4.0,3.0
1648,9200.23,4.0,4.0
1649,871.02,4.0,4.0
1650,1413.02,4.0,5.0
1651,4622.02,4.0,3.0
1652,5702.04,4.0,5.0
1653,1200.3,4.0,3.0
1654,1201.07,4.0,4.0
1655,9201.19,4.0,4.0
1656,1243.0,4.0,3.0
1657,9200.3,4.0,3.0
1658,18.01,4.0,3.0
1659,1222.0,4.0,3.0
1660,1415.0,4.0,4.0
1661,1241.04,4.0,3.0
1662,1232.03,4.0,4.0
1663,9200.28,4.0,3.0
1664,9200.29,4.0,3.0
1665,4827.02,4.0,3.0
1666,4623.01,4.0,3.0
1667,5507.0,4.0,3.0
1668,5732.02,4.0,4.0
1669,756.04,4.0,3.0
1670,1112.01,4.0,4.0
1671,5701.0,4.0,5.0
1672,5706.02,4.0,3.0
1673,524.2,4.0,4.0
1674,59.09,4.0,3.0
1675,1231.03,4.0,4.0
1676,5721.0,4.0,3.0
1677,2016.01,4.0,4.0
1678,4623.02,4.0,3.0
1679,525.28,4.0,4.0
1680,9203.39,4.0,4.0
1681,4640.0,4.0,3.0
1682,9201.06,4.0,4.0
1683,1238.0,4.0,4.0
1684,9201.16,4.0,4.0
1685,1254.01,4.0,4.0
1686,524.21,4.0,4.0
1687,5766.02,4.0,3.0
1688,4626.0,4.0,4.0
1689,1271.02,4.0,3.0
1690,61.0,4.0,3.0
1691,9201.18,4.0,4.0
1692,67.0,4.0,3.0
1693,757.03,4.0,3.0
1694,219.03,4.0,4.0
1695,877.03,4.0,3.0
1696,73.0,4.0,4.0
1697,219.12,4.0,4.0
1698,5720.01,4.0,4.0
1699,1245.0,4.0,4.0
1700,864.07,4.0,3.0
1701,9201.04,4.0,4.0
1702,1048.21,4.0,4.0
1703,219.15,4.0,4.0
1704,9203.38,4.0,4.0
1705,13.04,4.0,4.0
1706,1236.01,4.0,3.0
1707,5702.03,4.0,5.0
1708,1242.04,4.0,3.0
1709,62.0,4.0,3.0
1710,75.12,4.0,3.0
1711,4828.0,4.0,3.0
1712,1413.04,4.0,5.0
1713,5764.03,4.0,4.0
1714,1082.01,4.0,3.0
1715,871.03,4.0,3.0
1716,1175.2,4.0,5.0
1717,75.1,4.0,3.0
1718,4806.0,4.0,3.0
1719,5752.02,4.0,4.0
1720,1220.0,4.0,3.0
1721,5751.02,4.0,4.0
1722,17.04,4.0,3.0
1723,1244.0,4.0,3.0
1724,1081.03,4.0,4.0
1725,1837.02,4.0,5.0
1726,72.01,4.0,3.0
1727,5714.0,4.0,4.0
1728,1106.03,4.0,4.0
1729,2015.03,4.0,4.0
1730,75.05,4.0,4.0
1731,5732.01,4.0,4.0
1732,749.01,4.0,5.0
1733,4636.01,4.0,3.0
1734,1106.05,4.0,3.0
1735,525.14,4.0,3.0
1736,5734.01,4.0,4.0
1737,1106.04,4.0,4.0
1738,76.09,4.0,4.0
1739,525.11,4.0,3.0
1740,5707.02,4.0,3.0
1741,1253.1,4.0,3.0
1742,525.26,4.0,4.0
1743,1046.1,4.0,5.0
1744,525.13,4.0,3.0
1745,59.11,4.0,4.0
1746,80.02,4.0,3.0
1747,75.14,4.0,3.0
1748,3112.0,4.0,3.0
1749,1435.0,4.0,4.0
1750,1048.1,4.0,4.0
1751,2015.01,4.0,3.0
1752,5767.0,4.0,3.0
1753,75.06,4.0,3.0
1754,5715.03,4.0,3.0
1755,1112.02,4.0,4.0
1756,5543.02,4.0,5.0
1757,5707.01,4.0,4.0
1758,5764.02,4.0,4.0
1759,756.06,4.0,3.0
1760,9200.18,4.0,4.0
1761,1234.1,4.0,3.0
1762,19.03,4.0,4.0
1763,2013.02,4.0,5.0
1764,76.07,4.0,4.0
1765,5751.01,4.0,4.0
1766,9200.2,4.0,4.0
1767,9203.26,4.0,4.0
1768,5320.01,4.0,5.0
1769,68.0,4.0,3.0
1770,1081.04,4.0,3.0
1771,72.02,4.0,3.0
1772,77.0,4.0,4.0
1773,5722.01,4.0,4.0
1774,5769.01,4.0,4.0
1775,5768.01,4.0,3.0
1776,5543.01,4.0,5.0
1777,1112.06,4.0,4.0
1778,5506.01,4.0,4.0
1779,1439.02,4.0,4.0
1780,1414.0,4.0,4.0
1781,78.0,4.0,4.0
1782,1103.03,4.0,4.0
1783,5733.0,4.0,4.0
1784,1200.2,4.0,4.0
1785,5734.03,4.0,4.0
1786,75.13,4.0,4.0
1787,2015.04,4.0,4.0
1788,746.02,4.0,5.0
1789,16.01,4.0,3.0
1790,75.09,4.0,3.0
1791,4613.0,4.0,4.0
1792,69.0,4.0,3.0
1793,867.01,4.0,4.0
1794,1233.04,4.0,3.0
1795,1066.46,4.0,4.0
1796,4819.01,4.0,4.0
1797,5768.02,4.0,3.0
1798,80.05,4.0,4.0
1799,70.0,4.0,3.0
1800,863.04,4.0,3.0
1801,1224.1,4.0,4.0
1802,5321.02,4.0,4.0
1803,755.15,4.0,4.0
1804,1281.01,4.0,3.0
1805,80.04,4.0,3.0
1806,757.02,4.0,4.0
1807,1172.01,4.0,4.0
1808,9200.16,4.0,3.0
1809,112.0,4.0,3.0
1810,1230.1,4.0,4.0
1811,79.01,4.0,4.0
1812,5322.0,4.0,4.0
1813,5037.02,5.0,3.0
1814,1105.0,5.0,4.0
1815,877.04,5.0,3.0
1816,5765.03,5.0,3.0
1817,9200.15,5.0,3.0
1818,1081.01,5.0,4.0
1819,75.07,5.0,4.0
1820,219.14,5.0,4.0
1821,81.01,5.0,3.0
1822,762.02,5.0,4.0
1823,75.08,5.0,3.0
1824,66.0,5.0,4.0
1825,5765.02,5.0,3.0
1826,1411.01,5.0,5.0
1827,5706.03,5.0,4.0
1828,17.07,5.0,4.0
1829,872.0,5.0,4.0
1830,5323.04,5.0,3.0
1831,63.02,5.0,4.0
1832,863.01,5.0,3.0
1833,65.0,5.0,4.0
1834,8004.06,5.0,4.0
1835,85.0,5.0,4.0
1836,744.05,5.0,5.0
1837,871.05,5.0,4.0
1838,5764.01,5.0,4.0
1839,9203.22,5.0,3.0
1840,525.15,5.0,3.0
1841,878.03,5.0,4.0
1842,758.13,5.0,3.0
1843,76.11,5.0,3.0
1844,2624.0,5.0,4.0
1845,64.0,5.0,3.0
1846,5039.01,5.0,4.0
1847,82.02,5.0,4.0
1848,5504.0,5.0,4.0
1849,110.0,5.0,3.0
1850,1272.2,5.0,3.0
1851,83.02,5.0,4.0
1852,76.14,5.0,3.0
1853,17.05,5.0,4.0
1854,881.01,5.0,4.0
1855,1104.01,5.0,4.0
1856,759.02,5.0,3.0
1857,1103.02,5.0,4.0
1858,863.05,5.0,3.0
1859,5769.04,5.0,3.0
1860,17.06,5.0,3.0
1861,1081.02,5.0,3.0
1862,219.16,5.0,3.0
1863,80.01,5.0,4.0
1864,762.01,5.0,3.0
1865,9200.45,5.0,4.0
1866,1439.01,5.0,4.0
1867,5515.02,5.0,3.0
1868,4821.02,5.0,3.0
1869,82.01,5.0,4.0
1870,76.13,5.0,3.0
1871,762.08,5.0,4.0
1872,1282.1,5.0,3.0
1873,525.27,5.0,3.0
1874,1235.2,5.0,4.0
1875,76.1,5.0,3.0
1876,1102.03,5.0,4.0
1877,76.12,5.0,3.0
1878,1241.02,5.0,3.0
1879,758.11,5.0,4.0
1880,1106.06,5.0,4.0
1881,3.02,5.0,4.0
1882,1133.21,5.0,4.0
1883,1210.2,5.0,4.0
1884,1218.01,5.0,4.0
1885,1216.0,5.0,3.0
1886,18.02,5.0,3.0
1887,79.04,5.0,4.0
1888,1251.0,5.0,3.0
1889,1101.13,5.0,4.0
1890,5037.03,5.0,3.0
1891,9200.44,5.0,4.0
1892,76.06,5.0,3.0
1893,1287.02,5.0,5.0
1894,15.01,5.0,4.0
1895,4807.04,5.0,3.0
1896,870.02,5.0,4.0
1897,758.12,5.0,4.0
1898,74.03,5.0,4.0
1899,5031.04,5.0,5.0
1900,869.02,5.0,4.0
1901,9203.13,5.0,3.0
1902,1113.01,5.0,4.0
1903,748.01,5.0,5.0
1904,5040.01,5.0,4.0
1905,1417.0,5.0,4.0
1906,1098.0,5.0,4.0
1907,9201.08,5.0,4.0
1908,71.0,5.0,4.0
1909,871.06,5.0,4.0
1910,869.03,5.0,4.0
1911,14.04,5.0,4.0
1912,4635.0,5.0,3.0
1913,1174.07,5.0,5.0
1914,8003.29,5.0,4.0
1915,5514.02,5.0,3.0
1916,1102.02,5.0,5.0
1917,5038.01,5.0,4.0
1918,1241.03,5.0,4.0
1919,874.01,5.0,4.0
1920,1397.02,5.0,3.0
1921,1411.02,5.0,4.0
1922,1219.0,5.0,5.0
1923,9200.17,5.0,4.0
1924,1111.0,5.0,4.0
1925,744.03,5.0,5.0
1926,1233.03,5.0,3.0
1927,8003.26,5.0,4.0
1928,744.07,5.0,5.0
1929,762.04,5.0,3.0
1930,1242.03,5.0,3.0
1931,1249.02,5.0,3.0
1932,11.03,5.0,3.0
1933,5038.02,5.0,4.0
1934,745.01,5.0,5.0
1935,863.03,5.0,4.0
1936,4627.0,5.0,3.0
1937,59.06,5.0,3.0
1938,1438.0,5.0,4.0
1939,1224.2,5.0,4.0
1940,9201.11,5.0,4.0
1941,8003.25,5.0,4.0
1942,5320.02,5.0,5.0
1943,1241.05,5.0,3.0
1944,744.08,5.0,5.0
1945,13.03,5.0,3.0
1946,1132.11,5.0,4.0
1947,9203.32,5.0,3.0
1948,1174.05,5.0,4.0
1949,1232.06,5.0,3.0
1950,9201.07,5.0,4.0
1951,9201.09,5.0,4.0
1952,875.04,5.0,4.0
1953,1281.02,5.0,3.0
1954,5536.01,5.0,4.0
1955,1278.03,5.0,4.0
1956,9200.13,5.0,4.0
1957,1104.02,5.0,4.0
1958,758.09,5.0,4.0
1959,525.19,5.0,4.0
1960,1103.04,5.0,4.0
1961,74.05,5.0,4.0
1962,881.07,5.0,4.0
1963,5032.01,5.0,5.0
1964,9201.1,5.0,3.0
1965,1343.02,5.0,4.0
1966,13.01,5.0,3.0
1967,5544.03,5.0,4.0
1968,9203.28,5.0,4.0
1969,1434.0,5.0,4.0
1970,1097.0,5.0,3.0
1971,1132.13,5.0,4.0
1972,742.0,5.0,5.0
1973,1232.05,5.0,3.0
1974,5769.03,5.0,3.0
1975,760.0,5.0,3.0
1976,758.1,5.0,4.0
1977,219.13,5.0,4.0
1978,1286.02,5.0,4.0
1979,525.23,5.0,3.0
1980,1412.01,5.0,5.0
1981,1132.33,5.0,4.0
1982,758.05,5.0,4.0
1983,1113.02,5.0,4.0
1984,1175.3,5.0,4.0
1985,83.06,5.0,4.0
1986,75.11,5.0,3.0
1987,83.03,5.0,4.0
1988,9203.3,5.0,3.0
1989,1285.0,5.0,4.0
1990,84.02,5.0,4.0
1991,874.04,5.0,4.0
1992,8003.3,5.0,4.0
1993,1344.23,5.0,3.0
1994,1210.1,5.0,3.0
1995,5321.01,5.0,4.0
1996,758.14,5.0,4.0
1997,5300.06,5.0,5.0
1998,1101.14,5.0,4.0
1999,9201.15,5.0,3.0
2000,5031.03,5.0,5.0
2001,5300.05,5.0,3.0
2002,5700.03,5.0,4.0
2003,863.06,5.0,3.0
2004,9201.12,5.0,4.0
2005,741.03,5.0,5.0
2006,753.01,5.0,3.0
2007,9201.14,5.0,4.0
2008,875.03,5.0,4.0
2009,1132.32,5.0,4.0
2010,746.01,5.0,5.0
2011,4822.01,5.0,3.0
2012,750.02,5.0,5.0
2013,5040.02,5.0,4.0
2014,14.03,5.0,4.0
2015,9203.37,5.0,3.0
2016,1397.01,5.0,4.0
2017,745.02,5.0,5.0
2018,5039.02,5.0,4.0
2019,5362.0,5.0,4.0
2020,868.02,5.0,4.0
2021,744.06,5.0,4.0
2022,4805.0,5.0,3.0
2023,756.07,5.0,3.0
2024,758.16,5.0,4.0
2025,5708.0,5.0,4.0
2026,59.07,5.0,3.0
2027,879.01,5.0,4.0
2028,5502.02,5.0,3.0
2029,9203.03,5.0,4.0
2030,1132.12,5.0,4.0
2031,1172.02,5.0,4.0
2032,878.06,5.0,3.0
2033,74.02,5.0,3.0
2034,750.03,5.0,5.0
2035,1236.02,5.0,4.0
2036,1173.02,5.0,3.0
2037,5524.0,5.0,5.0
2038,4821.01,5.0,3.0
2039,84.01,5.0,4.0
2040,9203.14,5.0,3.0
2041,878.01,5.0,5.0
2042,1412.02,5.0,5.0
2043,4631.01,5.0,5.0
2044,8003.24,5.0,4.0
2045,4826.0,5.0,3.0
2046,1100.12,5.0,4.0
2047,5713.0,5.0,5.0
2048,1132.37,5.0,5.0
2049,1173.01,5.0,4.0
2050,1114.0,5.0,4.0
2051,9800.19,5.0,4.0
2052,5700.02,5.0,4.0
2053,4630.0,5.0,3.0
2054,757.01,5.0,3.0
2055,870.01,5.0,3.0
2056,5544.04,5.0,4.0
2057,2626.01,5.0,4.0
2058,1132.31,5.0,3.0
2059,1174.04,5.0,4.0
2060,1082.02,5.0,3.0
2061,1278.05,5.0,4.0
2062,9203.31,5.0,3.0
2063,525.22,5.0,3.0
2064,1289.1,5.0,5.0
2065,9203.29,5.0,4.0
2066,754.03,5.0,4.0
2067,5772.0,5.0,4.0
2068,759.01,5.0,3.0
2069,878.02,5.0,4.0
2070,5509.02,5.0,3.0
2071,1282.2,5.0,3.0
2072,1242.01,5.0,3.0
2073,17.08,5.0,3.0
2074,1112.04,5.0,4.0
2075,1288.01,5.0,4.0
2076,876.01,5.0,4.0
2077,4803.02,5.0,4.0
2078,525.2,5.0,4.0
2079,758.07,5.0,3.0
2080,1249.03,5.0,3.0
2081,8003.28,5.0,3.0
2082,1343.03,5.0,3.0
2083,761.02,5.0,4.0
2084,626.29,5.0,4.0
2085,1246.0,5.0,4.0
2086,83.04,5.0,4.0
2087,5542.01,5.0,4.0
2088,1151.01,5.0,3.0
2089,525.24,5.0,3.0
2090,9203.34,5.0,4.0
2091,4641.0,5.0,3.0
2092,748.06,5.0,5.0
2093,4803.03,5.0,4.0
2094,5041.01,5.0,5.0
2095,5542.03,5.0,4.0
2096,762.06,5.0,3.0
2097,5026.01,5.0,5.0
2098,4628.0,5.0,4.0
2099,1252.0,5.0,4.0
2100,5036.02,5.0,3.0
2101,626.43,5.0,4.0
2102,878.05,5.0,4.0
2103,1047.04,5.0,5.0
2104,1288.02,5.0,4.0
2105,761.01,5.0,3.0
2106,525.02,5.0,4.0
2107,1212.22,5.0,5.0
2108,874.05,5.0,4.0
2109,1344.22,5.0,3.0
2110,869.01,5.0,5.0
2111,755.07,5.0,4.0
2112,1283.03,5.0,4.0
2113,4625.0,5.0,4.0
2114,8004.08,5.0,4.0
2115,4808.04,5.0,3.0
2116,4819.02,5.0,4.0
2117,5026.02,5.0,5.0
2118,1101.09,5.0,4.0
2119,9203.36,5.0,3.0
2120,8003.27,5.0,4.0
2121,881.04,5.0,4.0
2122,8005.04,5.0,5.0
2123,740.03,5.0,4.0
2124,881.06,5.0,4.0
2125,74.06,5.0,4.0
2126,5500.0,5.0,4.0
2127,8003.32,5.0,4.0
2128,1239.02,5.0,3.0
2129,758.15,5.0,4.0
2130,1247.0,5.0,3.0
2131,1131.01,5.0,4.0
2132,4305.01,5.0,3.0
2133,5501.0,5.0,4.0
2134,740.04,5.0,4.0
2135,1433.0,5.0,3.0
2136,5007.0,5.0,5.0
2137,1132.34,5.0,5.0
2138,5025.0,5.0,5.0
2139,762.05,5.0,3.0
2140,1151.04,5.0,4.0
2141,995.12,5.0,4.0
2142,1272.1,5.0,4.0
2143,525.21,5.0,4.0
2144,4822.02,5.0,3.0
2145,743.0,5.0,5.0
2146,1200.1,5.0,4.0
2147,750.04,5.0,4.0
2148,4800.11,5.0,5.0
2149,5523.01,5.0,4.0
2150,999.04,5.0,4.0
2151,4816.03,5.0,4.0
2152,754.05,5.0,4.0
2153,9203.12,5.0,3.0
2154,8003.31,5.0,4.0
2155,5028.02,5.0,5.0
2156,758.08,5.0,3.0
2157,1278.04,5.0,4.0
2158,1174.08,5.0,4.0
2159,4810.02,5.0,3.0
2160,874.03,5.0,4.0
2161,884.03,5.0,4.0
2162,754.01,5.0,3.0
2163,1100.05,5.0,4.0
2164,1218.02,5.0,4.0
2165,1131.02,5.0,3.0
2166,83.05,5.0,4.0
2167,5002.01,5.0,3.0
2168,1173.03,5.0,3.0
2169,5036.01,5.0,5.0
2170,1132.35,5.0,4.0
2171,1274.0,5.0,4.0
2172,1398.02,5.0,4.0
2173,1047.03,5.0,4.0
2174,995.11,5.0,4.0
2175,1112.05,5.0,4.0
2176,4816.06,5.0,4.0
2177,4087.22,5.0,4.0
2178,868.03,5.0,4.0
2179,882.02,5.0,4.0
2180,5520.02,5.0,3.0
2181,884.02,5.0,5.0
2182,748.02,5.0,5.0
2183,5545.18,5.0,4.0
2184,4800.12,5.0,5.0
2185,5024.02,5.0,4.0
2186,5736.01,5.0,5.0
2187,755.04,5.0,3.0
2188,1352.03,5.0,3.0
2189,5031.06,5.0,5.0
2190,5712.0,5.0,4.0
2191,876.02,5.0,4.0
2192,5037.01,5.0,4.0
2193,755.13,5.0,4.0
2194,5519.0,5.0,4.0
2195,1153.01,5.0,5.0
2196,758.06,5.0,3.0
2197,1273.0,5.0,4.0
2198,4803.04,5.0,3.0
2199,1101.1,5.0,4.0
2200,1344.21,5.0,4.0
2201,884.01,5.0,4.0
2202,1343.04,5.0,4.0
2203,888.02,5.0,3.0
2204,1275.2,5.0,4.0
2205,626.28,5.0,3.0
2206,1152.01,5.0,4.0
2207,8004.1,5.0,5.0
2208,868.01,5.0,3.0
2209,5539.01,5.0,4.0
2210,883.02,5.0,3.0
2211,1103.01,5.0,4.0
2212,1343.06,5.0,4.0
2213,1102.01,5.0,4.0
2214,5770.0,5.0,3.0
2215,5024.01,5.0,5.0
2216,4817.14,5.0,4.0
2217,5750.01,5.0,4.0
2218,4809.03,5.0,4.0
2219,756.03,5.0,4.0
2220,5031.05,5.0,5.0
2221,5513.0,5.0,3.0
2222,995.13,5.0,3.0
2223,755.14,5.0,5.0
2224,1343.05,5.0,4.0
2225,1134.21,5.0,5.0
2226,5545.11,5.0,4.0
2227,1133.01,5.0,4.0
2228,753.02,5.0,5.0
2229,1212.21,5.0,4.0
2230,5535.02,5.0,4.0
2231,5521.0,5.0,3.0
2232,1100.01,5.0,4.0
2233,5505.0,5.0,4.0
2234,1283.02,5.0,4.0
2235,1133.03,5.0,4.0
2236,4629.0,5.0,3.0
2237,1152.02,5.0,4.0
2238,755.12,5.0,5.0
2239,626.31,5.0,4.0
2240,1344.24,5.0,4.0
2241,5028.01,5.0,5.0
2242,5544.05,5.0,4.0
2243,626.12,5.0,3.0
2244,1100.04,5.0,4.0
2245,5771.0,5.0,3.0
2246,1212.1,5.0,4.0
2247,5522.0,5.0,4.0
2248,1100.03,5.0,4.0
2249,4642.0,5.0,3.0
2250,754.04,5.0,4.0
2251,995.14,5.0,3.0
2252,883.01,5.0,3.0
2253,1278.06,5.0,3.0
2254,1398.01,5.0,4.0
2255,4804.0,5.0,4.0
2256,5742.02,5.0,4.0
2257,5773.0,5.0,4.0
2258,5536.02,5.0,4.0
2259,1436.02,5.0,3.0
2260,4632.0,5.0,4.0
2261,751.0,5.0,4.0
2262,753.03,5.0,3.0
2263,4087.03,5.0,4.0
2264,8002.03,5.0,4.0
2265,999.03,5.0,5.0
2266,4631.02,5.0,4.0
2267,881.05,5.0,5.0
2268,5030.0,5.0,5.0
2269,4823.04,5.0,3.0
2270,5751.03,5.0,4.0
2271,4818.0,5.0,4.0
2272,995.08,5.0,4.0
2273,4817.11,5.0,4.0
2274,5541.05,5.0,5.0
2275,8001.02,5.0,5.0
2276,5711.02,5.0,4.0
2277,755.06,5.0,4.0
2278,1342.01,5.0,5.0
2279,5711.01,5.0,5.0
2280,5029.02,5.0,5.0
2281,4816.05,5.0,4.0
2282,5700.01,5.0,4.0
2283,4634.0,5.0,3.0
2284,761.03,5.0,5.0
2285,1134.22,5.0,5.0
2286,1341.01,5.0,4.0
2287,999.06,5.0,4.0
2288,1341.03,5.0,5.0
2289,998.01,5.0,4.0
2290,996.04,5.0,4.0
2291,889.05,5.0,3.0
2292,1352.02,5.0,3.0
2293,1240.0,5.0,3.0
2294,1277.11,5.0,3.0
2295,4600.0,5.0,4.0
2296,4809.02,5.0,4.0
2297,888.01,5.0,4.0
2298,995.04,5.0,4.0
2299,1351.11,5.0,4.0
2300,882.01,5.0,4.0
2301,5029.01,5.0,5.0
2302,1345.21,5.0,4.0
2303,1286.01,5.0,4.0
2304,4800.02,5.0,4.0
2305,1101.04,5.0,3.0
2306,4633.0,5.0,3.0
2307,1277.12,5.0,4.0
2308,994.16,5.0,4.0
2309,5709.02,5.0,5.0
2310,875.05,5.0,4.0
2311,1133.22,5.0,4.0
2312,4817.12,5.0,4.0
2313,4033.25,5.0,4.0
2314,5541.04,5.0,5.0
2315,4305.02,5.0,4.0
2316,998.03,5.0,4.0
2317,5531.0,5.0,4.0
2318,1345.2,5.0,4.0
2319,5035.02,5.0,4.0
2320,5542.04,5.0,4.0
2321,5540.02,5.0,4.0
2322,5517.0,5.0,4.0
2323,1134.01,5.0,4.0
2324,891.07,5.0,5.0
2325,740.05,5.0,4.0
2326,999.05,5.0,4.0
2327,1340.01,5.0,5.0
2328,1345.22,5.0,4.0
2329,1352.01,5.0,3.0
2330,1284.0,5.0,4.0
2331,5509.01,5.0,3.0
2332,5027.0,5.0,5.0
2333,755.05,5.0,4.0
2334,4811.01,5.0,4.0
2335,4086.27,5.0,4.0
2336,5506.02,5.0,3.0
2337,4810.01,5.0,3.0
2338,5034.01,5.0,3.0
2339,880.02,5.0,4.0
2340,4823.03,5.0,3.0
2341,1341.04,5.0,4.0
2342,747.01,5.0,5.0
2343,639.03,5.0,4.0
2344,4817.13,5.0,4.0
2345,626.11,5.0,4.0
2346,5520.01,5.0,4.0
2347,1323.0,5.0,3.0
2348,5527.0,5.0,4.0
2349,752.02,5.0,5.0
2350,5503.0,5.0,5.0
2351,5032.02,5.0,5.0
2352,747.02,5.0,5.0
2353,1349.01,5.0,4.0
2354,1347.1,5.0,4.0
2355,9800.24,5.0,4.0
2356,741.07,5.0,4.0
2357,5742.01,5.0,5.0
2358,880.01,5.0,4.0
2359,5523.02,5.0,4.0
2360,5301.01,5.0,4.0
2361,636.03,5.0,4.0
2362,1100.1,5.0,4.0
2363,4087.05,5.0,4.0
2364,879.02,5.0,4.0
2365,994.17,5.0,3.0
2366,4815.0,5.0,3.0
2367,1373.02,5.0,4.0
2368,4809.01,5.0,3.0
2369,5541.01,5.0,5.0
2370,5749.02,5.0,4.0
2371,639.07,5.0,5.0
2372,4825.22,5.0,4.0
2373,1340.02,5.0,4.0
2374,741.11,5.0,4.0
2375,5511.01,5.0,4.0
2376,1347.2,5.0,4.0
2377,886.02,5.0,4.0
2378,996.05,5.0,4.0
2379,886.01,5.0,3.0
2380,5748.0,5.0,4.0
2381,5033.02,5.0,4.0
2382,4811.03,5.0,4.0
2383,5775.04,5.0,4.0
2384,1348.0,5.0,5.0
2385,1351.02,5.0,4.0
2386,639.05,5.0,5.0
2387,4087.24,5.0,4.0
2388,1373.01,5.0,4.0
2389,5750.02,5.0,4.0
2390,4082.11,5.0,4.0
2391,1327.0,5.0,5.0
2392,1329.0,5.0,4.0
2393,5526.02,5.0,4.0
2394,996.02,5.0,4.0
2395,4802.01,5.0,4.0
2396,4823.01,5.0,3.0
2397,1154.01,5.0,4.0
2398,5528.0,5.0,3.0
2399,995.06,5.0,3.0
2400,9304.01,5.0,4.0
2401,639.04,5.0,4.0
2402,1396.0,5.0,3.0
2403,636.04,5.0,4.0
2404,639.08,5.0,4.0
2405,740.06,5.0,5.0
2406,4825.02,5.0,4.0
2407,626.27,5.0,4.0
2408,1380.0,5.0,4.0
2409,1325.01,5.0,4.0
2410,1349.05,5.0,4.0
2411,626.26,5.0,4.0
2412,1100.11,5.0,4.0
2413,1325.02,5.0,4.0
2414,639.06,5.0,4.0
2415,4802.02,5.0,5.0
2416,752.01,5.0,5.0
2417,996.01,5.0,5.0
2418,998.02,5.0,4.0
2419,5512.01,5.0,3.0
2420,748.05,5.0,5.0
2421,8001.01,5.0,4.0
2422,885.02,5.0,5.0
2423,1319.0,5.0,4.0
2424,1101.06,5.0,3.0
2425,4825.21,5.0,4.0
2426,997.01,5.0,4.0
2427,1100.14,5.0,3.0
2428,5009.0,5.0,5.0
2429,1317.01,5.0,4.0
2430,5547.0,5.0,4.0
2431,5709.01,5.0,4.0
2432,8002.02,5.0,4.0
2433,1320.01,5.0,4.0
2434,626.1,5.0,4.0
2435,4086.24,5.0,5.0
2436,5526.01,5.0,4.0
2437,4814.01,5.0,3.0
2438,1316.0,5.0,5.0
2439,630.08,5.0,3.0
2440,1154.03,5.0,4.0
2441,632.01,5.0,4.0
2442,5001.0,5.0,5.0
2443,882.03,5.0,3.0
2444,887.01,5.0,3.0
2445,999.02,5.0,4.0
2446,1317.02,5.0,4.0
2447,4087.23,5.0,4.0
2448,5512.02,5.0,3.0
2449,5518.0,5.0,4.0
2450,639.02,5.0,5.0
2451,5545.13,5.0,3.0
2452,1276.06,5.0,3.0
2453,1330.0,5.0,4.0
2454,1375.01,5.0,4.0
2455,4087.04,5.0,4.0
2456,1349.04,5.0,4.0
2457,4086.28,5.0,5.0
2458,1374.02,5.0,4.0
2459,4816.04,5.0,3.0
2460,5776.02,5.0,4.0
2461,5020.04,5.0,3.0
2462,1100.15,5.0,4.0
2463,748.03,5.0,5.0
2464,8002.04,5.0,4.0
2465,1312.0,5.0,4.0
2466,1318.0,5.0,4.0
2467,996.03,5.0,4.0
2468,5034.02,5.0,4.0
2469,1314.0,5.0,4.0
2470,1371.04,5.0,5.0
2471,887.02,5.0,3.0
2472,5018.02,5.0,3.0
2473,1374.01,5.0,4.0
2474,5745.0,5.0,4.0
2475,5545.12,5.0,4.0
2476,4033.05,5.0,4.0
2477,630.04,5.0,3.0
2478,5749.01,5.0,4.0
2479,5529.0,5.0,4.0
2480,4087.06,5.0,4.0
2481,4811.02,5.0,5.0
2482,1101.18,5.0,3.0
2483,630.07,5.0,3.0
2484,1313.0,5.0,4.0
2485,5545.14,5.0,3.0
2486,5020.05,5.0,5.0
2487,636.05,5.0,5.0
2488,4086.26,5.0,5.0
2489,638.08,5.0,5.0
2490,994.1,5.0,4.0
2491,637.01,5.0,5.0
2492,994.07,5.0,4.0
2493,4801.02,5.0,5.0
2494,889.01,5.0,4.0
2495,1392.0,5.0,4.0
2496,5545.17,5.0,4.0
2497,1370.0,5.0,4.0
2498,4331.02,5.0,5.0
2499,630.05,5.0,4.0
2500,1390.01,5.0,4.0
2501,1153.02,5.0,4.0
2502,4814.02,5.0,4.0
2503,637.02,5.0,5.0
2504,5774.0,5.0,4.0
2505,5741.0,5.0,5.0
2506,1371.03,5.0,4.0
2507,1101.15,5.0,4.0
2508,992.47,5.0,5.0
2509,4801.01,5.0,5.0
2510,5023.01,5.0,5.0
2511,629.0,5.0,5.0
2512,5775.01,5.0,4.0
2513,5744.0,5.0,4.0
2514,1393.01,5.0,4.0
2515,5532.0,5.0,5.0
2516,4304.0,5.0,4.0
2517,992.46,5.0,4.0
2518,636.01,5.0,4.0
2519,5544.06,5.0,4.0
2520,1100.06,5.0,4.0
2521,626.14,5.0,5.0
2522,1393.03,5.0,3.0
2523,1375.02,5.0,5.0
2524,891.02,5.0,5.0
2525,992.14,5.0,4.0
2526,4825.03,5.0,4.0
2527,4307.01,5.0,5.0
2528,5776.03,5.0,5.0
2529,1393.02,5.0,3.0
2530,992.3,5.0,4.0
2531,1101.08,5.0,3.0
2532,1351.14,5.0,4.0
2533,1154.04,5.0,4.0
2534,1372.01,5.0,4.0
2535,5033.01,5.0,4.0
2536,4331.01,5.0,5.0
2537,1397.03,5.0,3.0
2538,1310.2,5.0,4.0
2539,1375.04,5.0,4.0
2540,994.08,5.0,3.0
2541,4033.04,5.0,4.0
2542,5035.01,5.0,4.0
2543,5006.0,5.0,5.0
2544,995.09,5.0,4.0
2545,889.02,5.0,4.0
2546,1100.08,5.0,4.0
2547,5740.0,5.0,4.0
2548,628.0,5.0,4.0
2549,5510.0,5.0,4.0
2550,1276.04,5.0,4.0
2551,5535.04,5.0,4.0
2552,1321.02,5.0,4.0
2553,4081.4,5.0,4.0
2554,5535.03,5.0,4.0
2555,5530.0,5.0,4.0
2556,4081.39,5.0,4.0
2557,4086.29,5.0,4.0
2558,992.02,5.0,5.0
2559,4336.02,5.0,4.0
2560,1331.0,5.0,3.0
2561,4318.0,5.0,4.0
2562,630.09,5.0,3.0
2563,5710.0,5.0,5.0
2564,5776.04,5.0,5.0
2565,5548.01,5.0,3.0
2566,1100.07,5.0,4.0
2567,1310.1,5.0,4.0
2568,4086.23,5.0,5.0
2569,634.0,5.0,5.0
2570,5300.04,5.0,4.0
2571,1320.02,5.0,4.0
2572,5018.04,5.0,3.0
2573,633.01,5.0,5.0
2574,4082.12,5.0,4.0
2575,4812.01,5.0,5.0
2576,997.03,5.0,4.0
2577,1276.05,5.0,4.0
2578,992.42,5.0,4.0
2579,994.06,5.0,4.0
2580,5023.02,5.0,5.0
2581,741.08,5.0,5.0
2582,994.04,5.0,4.0
2583,741.09,5.0,5.0
2584,5300.03,5.0,4.0
2585,4320.0,5.0,5.0
2586,5541.03,5.0,4.0
2587,5017.0,5.0,3.0
2588,741.06,5.0,5.0
2589,5020.03,5.0,3.0
2590,4081.41,5.0,4.0
2591,5746.02,5.0,4.0
2592,5737.0,5.0,5.0
2593,891.06,5.0,5.0
2594,626.42,5.0,3.0
2595,1311.0,5.0,5.0
2596,5739.02,5.0,4.0
2597,992.4,5.0,4.0
2598,992.29,5.0,5.0
2599,741.1,5.0,5.0
2600,5004.02,5.0,5.0
2601,741.02,5.0,5.0
2602,992.32,5.0,4.0
2603,4033.03,5.0,4.0
2604,889.03,5.0,4.0
2605,4029.04,5.0,5.0
2606,5743.0,5.0,4.0
2607,5008.0,5.0,5.0
2608,5511.02,5.0,3.0
2609,4328.01,5.0,5.0
2610,994.12,5.0,4.0
2611,633.02,5.0,5.0
2612,993.08,5.0,4.0
2613,1394.02,5.0,3.0
2614,632.02,5.0,4.0
2615,4813.0,5.0,4.0
2616,4327.0,5.0,4.0
2617,626.44,5.0,4.0
2618,5019.0,5.0,4.0
2619,631.01,5.0,4.0
2620,997.02,5.0,4.0
2621,630.1,5.0,4.0
2622,891.04,5.0,5.0
2623,992.22,5.0,4.0
2624,992.17,5.0,4.0
2625,5540.01,5.0,4.0
2626,4033.2,5.0,4.0
2627,631.02,5.0,4.0
2628,4306.0,5.0,4.0
2629,4328.02,5.0,5.0
2630,4321.02,5.0,5.0
2631,638.03,5.0,5.0
2632,630.06,5.0,4.0
2633,994.11,5.0,4.0
2634,1276.03,5.0,3.0
2635,992.15,5.0,4.0
2636,4029.02,5.0,4.0
2637,992.16,5.0,4.0
2638,1101.11,5.0,3.0
2639,992.12,5.0,4.0
2640,994.13,5.0,4.0
2641,992.35,5.0,4.0
2642,1395.04,5.0,3.0
2643,1394.01,5.0,3.0
2644,994.15,5.0,3.0
2645,992.48,5.0,5.0
2646,4081.37,5.0,4.0
2647,1395.03,5.0,4.0
2648,5546.0,5.0,3.0
2649,5002.02,5.0,3.0
2650,885.01,5.0,4.0
2651,992.03,5.0,5.0
2652,627.01,5.0,4.0
2653,635.0,5.0,5.0
2654,4329.02,5.0,5.0
2655,5534.0,5.0,4.0
2656,5550.02,5.0,5.0
2657,992.27,5.0,5.0
2658,1395.02,5.0,4.0
2659,890.01,5.0,5.0
2660,993.1,5.0,3.0
2661,992.04,5.0,4.0
2662,5738.0,5.0,4.0
2663,4323.0,5.0,5.0
2664,992.5,5.0,4.0
2665,992.44,5.0,4.0
2666,992.45,5.0,3.0
2667,627.02,5.0,4.0
2668,992.37,5.0,4.0
2669,992.51,5.0,4.0
2670,5549.0,5.0,5.0
2671,994.05,5.0,4.0
2672,631.03,5.0,4.0
2673,4824.01,5.0,4.0
2674,4322.01,5.0,5.0
2675,5552.11,5.0,5.0
2676,4029.03,5.0,5.0
2677,4033.24,5.0,4.0
2678,4033.18,5.0,4.0
2679,5533.0,5.0,4.0
2680,4317.0,5.0,4.0
2681,4824.02,5.0,5.0
2682,4335.04,5.0,5.0
2683,4315.01,5.0,4.0
2684,4081.33,5.0,4.0
2685,4812.02,5.0,5.0
2686,4336.01,5.0,4.0
2687,4321.01,5.0,4.0
2688,4081.35,5.0,4.0
2689,992.39,5.0,4.0
2690,1321.01,5.0,5.0
2691,889.04,5.0,4.0
2692,992.33,5.0,4.0
2693,994.02,5.0,4.0
2694,4316.0,5.0,4.0
2695,5545.22,5.0,4.0
2696,4033.23,5.0,4.0
2697,638.05,5.0,4.0
2698,4329.01,5.0,5.0
2699,4028.04,5.0,5.0
2700,992.49,5.0,5.0
2701,5010.01,5.0,4.0
2702,992.41,5.0,4.0
2703,992.38,5.0,4.0
2704,5552.02,5.0,4.0
2705,4307.23,5.0,5.0
2706,992.31,5.0,4.0
2707,4319.0,5.0,5.0
2708,5545.19,5.0,4.0
2709,626.45,5.0,4.0
2710,4027.06,5.0,5.0
2711,4086.31,5.0,4.0
2712,638.07,5.0,4.0
2713,1101.17,5.0,4.0
2714,993.06,5.0,3.0
2715,891.05,5.0,5.0
2716,5018.03,5.0,3.0
2717,992.23,5.0,4.0
2718,4081.34,5.0,4.0
2719,992.26,5.0,4.0
2720,4307.21,5.0,5.0
2721,4332.0,5.0,4.0
2722,890.03,5.0,5.0
2723,4033.22,5.0,4.0
2724,4081.38,5.0,5.0
2725,5022.0,5.0,5.0
2726,4307.24,5.0,5.0
2727,993.05,5.0,4.0
2728,992.43,5.0,4.0
2729,4308.01,5.0,4.0
2730,5545.16,5.0,4.0
2731,992.2,5.0,4.0
2732,993.11,5.0,3.0
2733,992.34,5.0,4.0
2734,4324.02,5.0,5.0
2735,4028.03,5.0,5.0
2736,4033.17,5.0,4.0
2737,890.04,5.0,5.0
2738,993.07,5.0,3.0
2739,4324.01,5.0,5.0
2740,4027.03,5.0,5.0
2741,1101.16,5.0,4.0
2742,4325.0,5.0,5.0
2743,5004.04,5.0,4.0
2744,4030.0,5.0,4.0
2745,4322.02,5.0,5.0
2746,4080.06,5.0,4.0
2747,9303.01,5.0,4.0
2748,993.09,5.0,4.0
2749,4308.03,5.0,5.0
2750,4025.02,5.0,5.0
2751,1101.02,5.0,4.0
2752,4086.3,5.0,5.0
2753,5016.0,5.0,3.0
2754,5545.21,5.0,4.0
2755,638.02,5.0,4.0
2756,4033.21,5.0,4.0
2757,4078.01,5.0,5.0
2758,5005.0,5.0,4.0
2759,4027.02,5.0,5.0
2760,4315.02,5.0,5.0
2761,4020.02,5.0,4.0
2762,5010.02,5.0,4.0
2763,5545.15,5.0,5.0
2764,638.06,5.0,4.0
2765,4033.16,5.0,4.0
2766,4028.01,5.0,5.0
2767,4334.02,5.0,5.0
2768,4314.0,5.0,5.0
2769,5550.01,5.0,5.0
2770,4077.01,5.0,5.0
2771,4027.05,5.0,5.0
2772,4019.02,5.0,4.0
2773,4326.01,5.0,4.0
2774,992.25,5.0,4.0
2775,4080.04,5.0,4.0
2776,5015.04,5.0,3.0
2777,4020.01,5.0,4.0
2778,4088.0,5.0,5.0
2779,992.24,5.0,4.0
2780,4334.01,5.0,5.0
2781,4021.02,5.0,4.0
2782,4017.04,5.0,4.0
2783,4080.03,5.0,4.0
2784,4308.02,5.0,4.0
2785,4034.08,5.0,4.0
2786,4033.19,5.0,4.0
2787,4026.0,5.0,4.0
2788,4002.06,5.0,4.0
2789,5021.0,5.0,5.0
2790,4333.02,5.0,4.0
2791,4335.03,5.0,5.0
2792,4021.01,5.0,5.0
2793,5552.12,5.0,4.0
2794,4309.02,5.0,4.0
2795,4025.01,5.0,4.0
2796,4023.04,5.0,5.0
2797,4018.0,5.0,4.0
2798,4078.02,5.0,5.0
2799,5015.03,5.0,3.0
2800,4075.01,5.0,5.0
2801,5548.02,5.0,4.0
2802,4076.01,5.0,5.0
2803,4309.01,5.0,5.0
2804,4075.02,5.0,4.0
2805,5551.03,5.0,4.0
2806,4050.01,5.0,5.0
2807,5551.04,5.0,4.0
2808,4081.36,5.0,4.0
2809,4002.05,5.0,4.0
2810,4034.01,5.0,4.0
2811,4079.0,5.0,4.0
2812,4312.0,5.0,5.0
2813,4313.0,5.0,4.0
2814,4023.03,5.0,4.0
2815,4023.01,5.0,5.0
2816,4311.0,5.0,4.0
2817,4077.02,5.0,5.0
2818,4024.02,5.0,4.0
2819,4033.12,5.0,5.0
2820,5551.02,5.0,5.0
2821,4337.0,5.0,5.0
2822,4017.01,5.0,5.0
2823,4076.02,5.0,5.0
2824,4017.03,5.0,4.0
2825,4333.04,5.0,4.0
2826,4333.05,5.0,4.0
2827,4016.02,5.0,4.0
2828,4066.01,5.0,4.0
2829,4301.01,5.0,4.0
2830,4086.25,5.0,5.0
2831,4049.01,5.0,5.0
2832,4310.01,5.0,4.0
2833,5014.0,5.0,3.0
2834,4301.02,5.0,4.0
2835,4333.06,5.0,4.0
2836,4002.04,5.0,4.0
2837,4034.07,5.0,5.0
2838,4049.03,5.0,5.0
2839,4022.0,5.0,5.0
2840,4080.05,5.0,4.0
2841,4085.04,5.0,5.0
2842,4066.02,5.0,4.0
2843,4334.03,5.0,5.0
2844,4067.02,5.0,4.0
2845,4016.03,5.0,5.0
2846,4002.07,5.0,5.0
2847,5015.01,5.0,3.0
2848,4310.02,5.0,4.0
2849,5012.0,5.0,4.0
2850,4049.02,5.0,5.0
2851,4013.03,5.0,4.0
2852,4055.0,5.0,4.0
2853,4024.06,5.0,4.0
2854,4326.02,5.0,5.0
2855,4333.07,5.0,4.0
2856,4016.01,5.0,4.0
2857,4303.01,5.0,4.0
2858,4052.03,5.0,5.0
2859,4302.0,5.0,4.0
2860,4065.0,5.0,4.0
2861,4024.03,5.0,5.0
2862,4024.05,5.0,5.0
2863,5013.0,5.0,4.0
2864,4303.02,5.0,4.0
2865,4052.01,5.0,5.0
2866,4064.02,5.0,4.0
2867,4034.02,5.0,4.0
2868,4003.02,5.0,4.0
2869,4003.04,5.0,4.0
2870,4015.0,5.0,4.0
2871,4047.03,5.0,5.0
2872,4048.01,5.0,5.0
2873,4034.04,5.0,4.0
2874,4067.01,5.0,5.0
2875,4004.03,5.0,4.0
2876,4013.12,5.0,4.0
2877,4339.02,5.0,5.0
2878,4013.11,5.0,5.0
2879,4047.01,5.0,5.0
2880,5004.03,5.0,4.0
2881,4034.05,5.0,4.0
2882,4052.02,5.0,4.0
2883,4013.04,5.0,4.0
2884,4073.01,5.0,5.0
2885,4034.06,5.0,4.0
2886,4064.11,5.0,4.0
2887,4064.12,5.0,4.0
2888,4338.01,5.0,5.0
2889,4051.01,5.0,5.0
2890,4338.02,5.0,5.0
2891,4073.02,5.0,5.0
2892,4034.03,5.0,4.0
2893,4051.02,5.0,5.0
2894,4085.03,5.0,4.0
2895,4339.01,5.0,4.0
2896,5003.0,5.0,4.0
2897,4037.03,5.0,5.0
2898,4060.0,5.0,4.0
2899,4061.02,5.0,4.0
2900,4340.04,5.0,5.0
2901,4072.0,5.0,5.0
2902,4012.02,5.0,4.0
2903,4300.02,5.0,4.0
2904,4038.02,5.0,4.0
2905,4012.01,5.0,4.0
2906,4062.0,5.0,4.0
2907,4061.01,5.0,4.0
2908,4085.05,5.0,5.0
2909,4058.0,5.0,5.0
2910,4035.0,5.0,4.0
2911,4059.0,5.0,4.0
2912,4040.0,5.0,4.0
2913,4340.03,5.0,5.0
2914,4042.02,5.0,4.0
2915,4050.02,5.0,5.0
2916,4047.02,5.0,5.0
2917,4037.02,5.0,4.0
2918,4056.0,5.0,4.0
2919,4010.02,5.0,4.0
2920,4012.03,5.0,4.0
2921,4300.03,5.0,4.0
2922,4057.01,5.0,4.0
2923,4037.21,5.0,4.0
2924,4004.04,5.0,4.0
2925,4010.01,5.0,4.0
2926,4042.01,5.0,4.0
2927,4063.0,5.0,4.0
2928,4057.02,5.0,4.0
2929,4085.01,5.0,5.0
2930,4037.22,5.0,4.0
2931,4074.0,5.0,4.0
2932,4004.02,5.0,4.0
2933,4071.01,5.0,4.0
2934,4041.0,5.0,4.0
2935,4011.01,5.0,4.0
2936,4340.01,5.0,5.0
2937,4045.03,5.0,5.0
2938,4038.01,5.0,4.0
2939,4045.04,5.0,5.0
2940,4082.02,5.0,5.0
2941,4048.02,5.0,4.0
2942,4070.01,5.0,5.0
2943,4039.02,5.0,4.0
2944,4039.01,5.0,4.0
2945,4011.02,5.0,4.0
2946,4044.02,5.0,4.0
2947,4009.0,5.0,4.0
2948,4053.01,5.0,4.0
2949,4045.01,5.0,5.0
2950,4008.0,5.0,5.0
2951,4036.0,5.0,4.0
2952,4053.02,5.0,4.0
2953,4054.0,5.0,4.0
2954,4043.01,5.0,4.0
2955,4071.02,5.0,5.0
2956,4068.0,5.0,4.0
2957,4005.01,5.0,5.0
2958,4043.02,5.0,4.0
2959,4084.02,5.0,4.0
2960,4044.01,5.0,5.0
2961,4046.0,5.0,5.0
2962,4084.01,5.0,5.0
2963,4070.02,5.0,5.0
2964,4006.02,5.0,4.0
2965,4006.04,5.0,4.0
2966,4048.03,5.0,4.0
2967,4006.03,5.0,4.0
2968,4069.01,5.0,4.0
2969,4069.02,5.0,4.0
2970,4083.01,5.0,4.0
2971,4083.03,5.0,4.0
2972,4083.02,5.0,4.0
