,zip,beta_551,beta_combination
0,2402.0,1.0,1.0
1,6030.06,1.0,2.0
2,6031.01,1.0,5.0
3,6031.02,1.0,4.0
4,6034.0,1.0,1.0
5,6036.0,1.0,4.0
6,6037.02,1.0,3.0
7,6037.03,1.0,6.0
8,6038.01,1.0,4.0
9,5327.0,1.0,3.0
10,5326.06,1.0,3.0
11,5326.05,1.0,5.0
12,6200.01,1.0,5.0
13,6201.01,1.0,4.0
14,6201.02,1.0,6.0
15,5326.04,1.0,4.0
16,5326.03,1.0,2.0
17,5325.0,1.0,6.0
18,4640.0,1.0,5.0
19,4635.0,1.0,5.0
20,3008.0,1.0,8.0
21,3006.0,1.0,6.0
22,3005.02,1.0,7.0
23,3005.01,1.0,8.0
24,3004.0,1.0,4.0
25,3003.01,1.0,4.0
26,3002.0,1.0,4.0
27,2948.3,1.0,5.0
28,6030.05,1.0,4.0
29,524.23,1.0,5.0
30,6030.04,1.0,5.0
31,6029.0,1.0,6.0
32,6009.12,1.0,7.0
33,5330.02,1.0,1.0
34,1011.1,1.0,6.0
35,1012.1,1.0,8.0
36,1012.2,1.0,8.0
37,6013.01,1.0,5.0
38,6013.02,1.0,7.0
39,1013.0,1.0,8.0
40,5330.01,1.0,2.0
41,5329.0,1.0,2.0
42,6018.02,1.0,6.0
43,6019.0,1.0,4.0
44,6020.02,1.0,5.0
45,6020.03,1.0,5.0
46,6021.03,1.0,6.0
47,6021.04,1.0,5.0
48,6021.05,1.0,4.0
49,5328.0,1.0,1.0
50,6024.03,1.0,6.0
51,6024.04,1.0,4.0
52,6025.04,1.0,7.0
53,6025.05,1.0,7.0
54,6025.08,1.0,7.0
55,6025.09,1.0,7.0
56,6026.0,1.0,3.0
57,6028.01,1.0,5.0
58,6028.02,1.0,1.0
59,6030.01,1.0,5.0
60,6008.02,1.0,7.0
61,2947.01,1.0,6.0
62,2943.02,1.0,4.0
63,2756.02,1.0,1.0
64,2755.0,1.0,5.0
65,6700.01,1.0,7.0
66,2753.11,1.0,2.0
67,6700.02,1.0,8.0
68,6700.03,1.0,7.0
69,2753.02,1.0,3.0
70,2752.0,1.0,5.0
71,2751.02,1.0,8.0
72,6701.0,1.0,6.0
73,2751.01,1.0,8.0
74,2742.02,1.0,6.0
75,2741.0,1.0,3.0
76,2739.02,1.0,3.0
77,2738.0,1.0,7.0
78,2736.0,1.0,3.0
79,2735.02,1.0,6.0
80,2734.02,1.0,4.0
81,2733.0,1.0,6.0
82,2732.0,1.0,5.0
83,2723.02,1.0,3.0
84,320.3,1.0,5.0
85,2723.01,1.0,3.0
86,2722.02,1.0,6.0
87,1279.2,1.0,6.0
88,7012.02,1.0,4.0
89,7013.02,1.0,4.0
90,2756.03,1.0,8.0
91,2944.1,1.0,3.0
92,2760.0,1.0,6.0
93,2764.0,1.0,1.0
94,2943.01,1.0,3.0
95,2942.0,1.0,3.0
96,2941.1,1.0,7.0
97,423.38,1.0,4.0
98,2933.07,1.0,4.0
99,2933.06,1.0,4.0
100,2933.04,1.0,6.0
101,423.32,1.0,5.0
102,2933.01,1.0,5.0
103,2932.02,1.0,5.0
104,2932.01,1.0,3.0
105,2920.0,1.0,3.0
106,423.23,1.0,4.0
107,2913.0,1.0,2.0
108,2912.2,1.0,1.0
109,423.17,1.0,4.0
110,2912.1,1.0,5.0
111,2911.3,1.0,6.0
112,2911.2,1.0,4.0
113,5402.03,1.0,2.0
114,2911.1,1.0,4.0
115,2781.02,1.0,3.0
116,2771.0,1.0,3.0
117,2770.0,1.0,2.0
118,2766.04,1.0,5.0
119,2766.03,1.0,3.0
120,2766.01,1.0,5.0
121,2761.0,1.0,3.0
122,7013.04,1.0,4.0
123,6008.01,1.0,3.0
124,6007.02,1.0,1.0
125,5429.0,1.0,2.0
126,5360.0,1.0,3.0
127,5359.02,1.0,3.0
128,5359.01,1.0,3.0
129,5358.04,1.0,3.0
130,5358.03,1.0,3.0
131,5433.06,1.0,4.0
132,5433.21,1.0,2.0
133,5433.22,1.0,4.0
134,5434.0,1.0,2.0
135,5435.01,1.0,5.0
136,5435.02,1.0,6.0
137,5358.02,1.0,2.0
138,5435.03,1.0,4.0
139,5357.02,1.0,3.0
140,5357.01,1.0,3.0
141,5436.01,1.0,3.0
142,5436.02,1.0,3.0
143,5436.03,1.0,3.0
144,5436.04,1.0,3.0
145,5437.01,1.0,4.0
146,5437.02,1.0,6.0
147,5356.06,1.0,6.0
148,5356.05,1.0,4.0
149,5356.04,1.0,2.0
150,5356.03,1.0,2.0
151,5355.03,1.0,2.0
152,5426.02,1.0,2.0
153,5355.02,1.0,2.0
154,5426.01,1.0,2.0
155,5361.02,1.0,4.0
156,5403.0,1.0,4.0
157,5404.0,1.0,8.0
158,5405.01,1.0,2.0
159,5405.02,1.0,4.0
160,5401.02,1.0,3.0
161,5401.01,1.0,3.0
162,5409.02,1.0,1.0
163,5410.01,1.0,6.0
164,5410.02,1.0,1.0
165,5411.0,1.0,5.0
166,5400.0,1.0,6.0
167,5414.0,1.0,3.0
168,5415.0,1.0,5.0
169,5416.03,1.0,4.0
170,5416.04,1.0,6.0
171,5416.05,1.0,9.0
172,5416.06,1.0,4.0
173,5417.0,1.0,3.0
174,5418.01,1.0,5.0
175,5418.02,1.0,4.0
176,5420.0,1.0,6.0
177,5421.03,1.0,6.0
178,5421.04,1.0,5.0
179,5361.04,1.0,3.0
180,5422.0,1.0,3.0
181,5361.03,1.0,3.0
182,5425.01,1.0,3.0
183,5425.02,1.0,5.0
184,6007.04,1.0,1.0
185,5355.01,1.0,2.0
186,5353.0,1.0,3.0
187,5514.01,1.0,5.0
188,5336.01,1.0,4.0
189,5335.03,1.0,8.0
190,5335.02,1.0,6.0
191,5335.01,1.0,4.0
192,5334.03,1.0,7.0
193,5334.02,1.0,6.0
194,5515.01,1.0,4.0
195,5515.02,1.0,4.0
196,5334.01,1.0,6.0
197,5333.0,1.0,4.0
198,5537.02,1.0,6.0
199,5332.02,1.0,4.0
200,5332.01,1.0,3.0
201,5331.07,1.0,7.0
202,5331.05,1.0,7.0
203,6001.0,1.0,1.0
204,6002.01,1.0,1.0
205,6002.02,1.0,1.0
206,6003.02,1.0,2.0
207,6003.03,1.0,6.0
208,6003.04,1.0,5.0
209,6004.0,1.0,1.0
210,6005.01,1.0,1.0
211,6005.02,1.0,4.0
212,5331.03,1.0,2.0
213,6006.02,1.0,3.0
214,5336.02,1.0,8.0
215,5354.0,1.0,7.0
216,5336.03,1.0,4.0
217,5337.02,1.0,8.0
218,5352.0,1.0,6.0
219,5350.02,1.0,2.0
220,5437.03,1.0,7.0
221,5349.0,1.0,2.0
222,5348.04,1.0,5.0
223,5438.01,1.0,3.0
224,5348.03,1.0,5.0
225,5348.02,1.0,7.0
226,5347.0,1.0,2.0
227,5345.02,1.0,3.0
228,5345.01,1.0,3.0
229,5344.06,1.0,7.0
230,5344.05,1.0,8.0
231,5438.02,1.0,3.0
232,5439.03,1.0,3.0
233,5344.03,1.0,3.0
234,5343.01,1.0,7.0
235,5342.03,1.0,5.0
236,5342.02,1.0,6.0
237,5341.02,1.0,4.0
238,5439.05,1.0,6.0
239,5341.01,1.0,5.0
240,5338.06,1.0,4.0
241,5338.05,1.0,3.0
242,5338.04,1.0,7.0
243,5338.03,1.0,8.0
244,5337.03,1.0,4.0
245,5337.01,1.0,6.0
246,7014.02,1.0,5.0
247,5402.02,1.0,2.0
248,2377.1,1.0,1.0
249,2375.0,1.0,1.0
250,2374.02,1.0,1.0
251,2374.01,1.0,1.0
252,2373.0,1.0,3.0
253,2372.02,1.0,8.0
254,2372.01,1.0,2.0
255,2371.02,1.0,1.0
256,2371.01,1.0,1.0
257,9104.02,1.0,2.0
258,2364.0,1.0,4.0
259,2361.0,1.0,3.0
260,2360.0,1.0,3.0
261,9104.01,1.0,2.0
262,2352.02,1.0,6.0
263,9104.03,1.0,3.0
264,9104.04,1.0,2.0
265,9105.01,1.0,5.0
266,2351.0,1.0,3.0
267,9105.02,1.0,3.0
268,2349.02,1.0,3.0
269,9105.04,1.0,3.0
270,2349.01,1.0,4.0
271,2348.0,1.0,6.0
272,9105.05,1.0,3.0
273,9106.01,1.0,7.0
274,9106.02,1.0,3.0
275,2352.01,1.0,6.0
276,2376.0,1.0,7.0
277,9102.08,1.0,2.0
278,9102.06,1.0,2.0
279,2201.0,1.0,3.0
280,9007.04,1.0,2.0
281,2395.01,1.0,4.0
282,2393.3,1.0,5.0
283,9008.04,1.0,3.0
284,9008.06,1.0,3.0
285,2393.2,1.0,5.0
286,2214.01,1.0,5.0
287,2220.02,1.0,3.0
288,2215.0,1.0,7.0
289,9101.01,1.0,6.0
290,2393.1,1.0,7.0
291,2216.01,1.0,7.0
292,2392.02,1.0,6.0
293,2392.01,1.0,2.0
294,2384.0,1.0,1.0
295,2383.2,1.0,1.0
296,2383.1,1.0,1.0
297,2382.0,1.0,1.0
298,2381.0,1.0,1.0
299,9102.01,1.0,2.0
300,9102.05,1.0,2.0
301,2380.0,1.0,1.0
302,2379.0,1.0,7.0
303,2378.0,1.0,4.0
304,2377.2,1.0,5.0
305,7015.01,1.0,4.0
306,9106.03,1.0,2.0
307,9106.05,1.0,2.0
308,9106.06,1.0,2.0
309,9107.05,1.0,4.0
310,2314.0,1.0,4.0
311,2313.0,1.0,6.0
312,2312.2,1.0,3.0
313,2312.1,1.0,3.0
314,2311.0,1.0,3.0
315,2294.2,1.0,3.0
316,2294.1,1.0,3.0
317,2293.0,1.0,8.0
318,2292.0,1.0,2.0
319,2291.0,1.0,2.0
320,2289.0,1.0,1.0
321,2288.0,1.0,5.0
322,2287.2,1.0,2.0
323,2287.1,1.0,2.0
324,2286.0,1.0,5.0
325,2285.0,1.0,6.0
326,2284.2,1.0,3.0
327,2283.2,1.0,2.0
328,2282.2,1.0,2.0
329,2281.0,1.0,4.0
330,2218.2,1.0,4.0
331,2219.0,1.0,4.0
332,2227.0,1.0,3.0
333,2226.0,1.0,4.0
334,2225.0,1.0,4.0
335,2222.0,1.0,7.0
336,2221.0,1.0,6.0
337,2315.0,1.0,5.0
338,2200.0,1.0,3.0
339,2316.0,1.0,3.0
340,2317.2,1.0,3.0
341,9107.07,1.0,2.0
342,2218.1,1.0,6.0
343,9107.11,1.0,4.0
344,9107.13,1.0,3.0
345,9107.14,1.0,3.0
346,9107.15,1.0,3.0
347,9107.16,1.0,3.0
348,9108.04,1.0,2.0
349,9108.05,1.0,5.0
350,2347.0,1.0,8.0
351,2346.0,1.0,7.0
352,2345.02,1.0,6.0
353,2345.01,1.0,4.0
354,2343.0,1.0,4.0
355,2342.0,1.0,3.0
356,2340.0,1.0,3.0
357,2328.0,1.0,2.0
358,2327.0,1.0,2.0
359,2326.0,1.0,2.0
360,2325.0,1.0,8.0
361,2324.0,1.0,8.0
362,2323.0,1.0,3.0
363,2322.0,1.0,3.0
364,2321.2,1.0,4.0
365,2321.1,1.0,2.0
366,2319.0,1.0,2.0
367,2318.0,1.0,3.0
368,2317.1,1.0,3.0
369,2199.02,1.0,7.0
370,2220.01,1.0,3.0
371,9006.08,1.0,6.0
372,2396.02,1.0,5.0
373,2187.02,1.0,3.0
374,2193.0,1.0,3.0
375,2195.0,1.0,3.0
376,2412.02,1.0,1.0
377,2187.01,1.0,3.0
378,9003.0,1.0,2.0
379,2396.01,1.0,8.0
380,2395.02,1.0,3.0
381,9006.02,1.0,5.0
382,9006.05,1.0,3.0
383,9006.06,1.0,3.0
384,9006.07,1.0,7.0
385,2403.0,1.0,7.0
386,2198.0,1.0,5.0
387,2397.01,1.0,8.0
388,2188.0,1.0,6.0
389,9005.04,1.0,3.0
390,9005.05,1.0,3.0
391,2404.01,1.0,6.0
392,2189.0,1.0,3.0
393,2404.02,1.0,1.0
394,2405.0,1.0,1.0
395,2406.0,1.0,1.0
396,2407.0,1.0,6.0
397,2409.0,1.0,7.0
398,2413.0,1.0,4.0
399,2398.02,1.0,8.0
400,2398.01,1.0,2.0
401,2397.02,1.0,3.0
402,2411.2,1.0,4.0
403,2412.01,1.0,1.0
404,9005.08,1.0,2.0
405,9005.07,1.0,2.0
406,9005.06,1.0,2.0
407,2190.2,1.0,3.0
408,9002.01,1.0,2.0
409,2190.1,1.0,3.0
410,9006.09,1.0,4.0
411,7020.02,1.0,4.0
412,7018.01,1.0,9.0
413,7021.02,1.0,4.0
414,7017.02,1.0,4.0
415,7022.01,1.0,6.0
416,2199.01,1.0,6.0
417,9001.04,1.0,4.0
418,7022.02,1.0,6.0
419,7026.0,1.0,4.0
420,2431.0,1.0,8.0
421,7028.02,1.0,2.0
422,7017.01,1.0,5.0
423,7016.02,1.0,6.0
424,7030.01,1.0,7.0
425,7030.02,1.0,7.0
426,2430.0,1.0,5.0
427,7032.0,1.0,4.0
428,2427.0,1.0,6.0
429,2426.0,1.0,7.0
430,7016.01,1.0,4.0
431,2182.2,1.0,5.0
432,7015.02,1.0,6.0
433,2186.0,1.0,7.0
434,2423.0,1.0,6.0
435,2422.0,1.0,6.0
436,2420.0,1.0,4.0
437,9800.04,1.0,2.0
438,9001.02,1.0,4.0
439,9001.03,1.0,3.0
440,7019.02,1.0,7.0
441,7018.02,1.0,7.0
442,6038.02,1.0,2.0
443,4804.0,1.0,7.0
444,5421.06,1.0,5.0
445,9107.09,1.0,3.0
446,9107.06,1.0,5.0
447,9108.12,1.0,6.0
448,2946.1,1.0,6.0
449,7028.03,1.0,3.0
450,2945.2,1.0,5.0
451,6013.03,1.0,6.0
452,1014.0,1.0,7.0
453,5421.05,1.0,3.0
454,4803.04,1.0,6.0
455,3001.0,1.0,4.0
456,6032.0,1.0,2.0
457,2283.1,1.0,3.0
458,4805.0,1.0,5.0
459,6035.0,1.0,5.0
460,2944.21,1.0,4.0
461,5313.02,1.0,7.0
462,2182.1,1.0,7.0
463,6009.11,1.0,3.0
464,871.02,1.0,6.0
465,6205.21,1.0,3.0
466,2754.0,1.0,3.0
467,320.32,1.0,5.0
468,2216.02,1.0,8.0
469,2260.01,1.0,8.0
470,5331.06,1.0,8.0
471,423.39,1.0,5.0
472,6021.06,1.0,4.0
473,9107.12,1.0,6.0
474,6025.06,1.0,6.0
475,2213.02,1.0,7.0
476,1031.01,1.0,5.0
477,2197.0,1.0,6.0
478,6500.03,1.0,3.0
479,4606.0,1.0,4.0
480,320.29,2.0,5.0
481,2627.06,2.0,8.0
482,2627.04,2.0,7.0
483,1106.04,2.0,7.0
484,5340.01,2.0,4.0
485,4803.02,2.0,7.0
486,2948.2,2.0,5.0
487,2933.02,2.0,5.0
488,9102.07,2.0,2.0
489,9005.01,2.0,7.0
490,1031.02,2.0,6.0
491,5407.0,2.0,7.0
492,113.0,2.0,6.0
493,6209.01,2.0,5.0
494,423.37,2.0,4.0
495,5350.01,2.0,6.0
496,4605.02,2.0,5.0
497,5323.02,2.0,7.0
498,9007.03,2.0,3.0
499,5339.01,2.0,5.0
500,2626.04,2.0,9.0
501,6502.0,2.0,6.0
502,6009.02,2.0,6.0
503,4810.01,2.0,6.0
504,5406.0,2.0,8.0
505,6203.01,2.0,7.0
506,2217.1,2.0,6.0
507,5427.0,2.0,5.0
508,6510.01,2.0,3.0
509,5537.01,2.0,6.0
510,6203.03,2.0,7.0
511,5536.01,2.0,6.0
512,5431.0,2.0,1.0
513,6020.04,2.0,5.0
514,9100.02,2.0,8.0
515,6037.04,2.0,5.0
516,5424.02,2.0,6.0
517,4803.03,2.0,6.0
518,5356.07,3.0,3.0
519,423.13,3.0,4.0
520,6202.01,3.0,5.0
521,2945.1,3.0,5.0
522,5432.01,3.0,3.0
523,6203.05,3.0,5.0
524,2213.03,3.0,7.0
525,2264.1,3.0,7.0
526,2628.02,3.0,5.0
527,6017.0,3.0,7.0
528,423.24,3.0,4.0
529,2244.1,3.0,4.0
530,4816.06,3.0,8.0
531,4816.03,3.0,7.0
532,2213.04,3.0,7.0
533,2400.1,3.0,6.0
534,2400.2,3.0,7.0
535,9100.01,3.0,5.0
536,7012.01,3.0,5.0
537,2284.1,3.0,3.0
538,6509.02,3.0,3.0
539,4634.0,3.0,5.0
540,9007.01,3.0,2.0
541,6025.07,3.0,7.0
542,5424.01,3.0,5.0
543,320.31,3.0,6.0
544,1281.01,3.0,5.0
545,2267.0,3.0,7.0
546,6033.02,3.0,2.0
547,16.01,3.0,7.0
548,6007.03,3.0,2.0
549,3007.01,3.0,6.0
550,6205.22,3.0,3.0
551,7027.0,3.0,2.0
552,112.0,3.0,6.0
553,2172.0,3.0,7.0
554,2675.02,3.0,7.0
555,4809.01,3.0,6.0
556,2270.2,3.0,3.0
557,5432.02,3.0,5.0
558,423.29,3.0,7.0
559,423.1,3.0,5.0
560,2214.02,3.0,7.0
561,422.01,3.0,4.0
562,4809.02,3.0,6.0
563,9110.01,3.0,5.0
564,1281.02,3.0,5.0
565,2124.2,3.0,7.0
566,2247.0,3.0,3.0
567,2641.02,3.0,5.0
568,2640.0,3.0,4.0
569,6208.0,4.0,5.0
570,4810.02,4.0,8.0
571,9008.05,4.0,5.0
572,6200.02,4.0,6.0
573,1106.05,4.0,5.0
574,2125.02,4.0,5.0
575,524.25,4.0,5.0
576,6018.01,4.0,6.0
577,320.35,4.0,4.0
578,1211.01,4.0,9.0
579,2125.01,4.0,5.0
580,5413.0,4.0,3.0
581,1011.22,4.0,8.0
582,9010.11,4.0,4.0
583,5428.0,4.0,3.0
584,4636.02,4.0,7.0
585,7025.02,4.0,3.0
586,524.24,4.0,6.0
587,6033.01,4.0,4.0
588,6206.01,4.0,4.0
589,6040.01,4.0,4.0
590,877.01,4.0,7.0
591,9010.08,4.0,7.0
592,2948.1,4.0,4.0
593,4819.02,4.0,7.0
594,2124.1,4.0,6.0
595,6204.0,4.0,2.0
596,9010.09,4.0,3.0
597,6510.02,4.0,5.0
598,423.3,4.0,7.0
599,2264.2,4.0,8.0
600,6509.01,4.0,6.0
601,6027.0,4.0,2.0
602,5704.02,4.0,4.0
603,423.05,4.0,5.0
604,2246.0,4.0,5.0
605,6024.02,4.0,6.0
606,111.01,4.0,5.0
607,867.01,4.0,6.0
608,4818.0,4.0,7.0
609,6500.04,4.0,6.0
610,2212.2,4.0,7.0
611,6511.01,4.0,4.0
612,2674.02,4.0,5.0
613,5362.0,4.0,6.0
614,7025.01,4.0,2.0
615,2654.1,4.0,7.0
616,423.25,4.0,4.0
617,320.27,4.0,5.0
618,2623.02,4.0,6.0
619,2408.0,4.0,4.0
620,17.06,4.0,6.0
621,6501.02,4.0,6.0
622,2731.0,4.0,8.0
623,5538.01,4.0,6.0
624,5514.02,4.0,5.0
625,871.01,4.0,7.0
626,2185.0,4.0,6.0
627,320.47,4.0,6.0
628,2132.02,4.0,5.0
629,6207.01,4.0,6.0
630,8005.06,4.0,8.0
631,2719.01,4.0,6.0
632,6205.01,4.0,3.0
633,17.07,4.0,6.0
634,9008.03,4.0,4.0
635,2623.03,4.0,5.0
636,2780.01,4.0,3.0
637,27.0,4.0,7.0
638,18.0,4.0,6.0
639,4627.0,4.0,6.0
640,762.05,4.0,5.0
641,2132.01,4.0,5.0
642,6011.0,4.0,2.0
643,2949.0,4.0,5.0
644,114.02,4.0,5.0
645,6016.0,4.0,7.0
646,2181.1,4.0,7.0
647,114.01,4.0,6.0
648,2410.01,4.0,4.0
649,2652.01,4.0,7.0
650,2414.0,4.0,6.0
651,2643.02,4.0,5.0
652,5351.01,4.0,6.0
653,2641.03,5.0,5.0
654,6702.01,5.0,5.0
655,320.33,5.0,5.0
656,114.03,5.0,5.0
657,5339.02,5.0,6.0
658,5412.0,5.0,2.0
659,868.02,5.0,6.0
660,15.03,5.0,5.0
661,2181.2,5.0,6.0
662,422.06,5.0,5.0
663,320.28,5.0,5.0
664,6209.04,5.0,3.0
665,16.02,5.0,6.0
666,2718.01,5.0,6.0
667,6023.02,5.0,2.0
668,6210.01,5.0,6.0
669,72.02,5.0,5.0
670,72.01,5.0,5.0
671,6500.01,5.0,3.0
672,2643.01,5.0,5.0
673,6041.0,5.0,3.0
674,2126.1,5.0,5.0
675,1327.0,5.0,9.0
676,2674.04,5.0,5.0
677,2129.0,5.0,4.0
678,2721.0,5.0,8.0
679,2722.01,5.0,4.0
680,15.02,5.0,6.0
681,423.26,5.0,5.0
682,5351.02,5.0,6.0
683,6014.02,5.0,5.0
684,5704.04,5.0,4.0
685,2211.2,5.0,8.0
686,3118.02,5.0,9.0
687,30.1,5.0,5.0
688,49.01,5.0,5.0
689,19.03,5.0,7.0
690,2049.2,5.0,5.0
691,17.04,5.0,6.0
692,2411.1,5.0,7.0
693,867.02,5.0,7.0
694,759.01,5.0,5.0
695,2653.03,5.0,8.0
696,1917.1,5.0,8.0
697,75.1,5.0,6.0
698,2131.0,5.0,5.0
699,1034.0,5.0,5.0
700,524.27,5.0,5.0
701,6207.02,5.0,5.0
702,4636.01,5.0,7.0
703,762.06,5.0,5.0
704,1831.03,5.0,7.0
705,5037.03,5.0,5.0
706,6015.02,5.0,7.0
707,7031.0,5.0,5.0
708,47.16,5.0,5.0
709,1916.2,5.0,9.0
710,2183.0,5.0,8.0
711,2653.05,5.0,8.0
712,2737.0,5.0,8.0
713,320.36,5.0,6.0
714,3021.03,5.0,8.0
715,422.03,5.0,5.0
716,1911.2,5.0,9.0
717,20.0,5.0,5.0
718,19.0,5.0,6.0
719,6022.0,5.0,4.0
720,23.0,5.0,8.0
721,5323.03,5.0,7.0
722,28.0,5.0,6.0
723,525.15,5.0,5.0
724,70.0,5.0,7.0
725,39.0,5.0,5.0
726,423.31,5.0,6.0
727,47.17,5.0,5.0
728,1282.2,5.0,5.0
729,59.06,5.0,5.0
730,31.0,5.0,6.0
731,6006.01,5.0,3.0
732,9108.09,5.0,6.0
733,6040.02,5.0,7.0
734,71.0,5.0,7.0
735,320.37,5.0,5.0
736,5704.03,5.0,4.0
737,1233.04,5.0,7.0
738,525.22,5.0,7.0
739,1061.12,5.0,5.0
740,50.03,5.0,7.0
741,6039.0,5.0,3.0
742,1234.1,5.0,6.0
743,24.0,5.0,5.0
744,26.0,5.0,8.0
745,21.02,5.0,5.0
746,4623.02,5.0,6.0
747,2772.0,5.0,6.0
748,6213.26,5.0,5.0
749,1286.01,5.0,6.0
750,5433.04,5.0,5.0
751,2117.04,5.0,6.0
752,525.21,5.0,7.0
753,2133.1,5.0,7.0
754,49.02,5.0,5.0
755,86.0,5.0,6.0
756,1238.0,5.0,6.0
757,6211.02,5.0,3.0
758,524.16,5.0,6.0
759,9007.05,5.0,5.0
760,2015.03,5.0,9.0
761,47.11,5.0,5.0
762,864.04,5.0,8.0
763,38.01,5.0,6.0
764,38.02,5.0,6.0
765,40.0,5.0,5.0
766,758.05,5.0,7.0
767,2410.02,5.0,8.0
768,75.09,5.0,5.0
769,5408.0,5.0,2.0
770,1233.03,5.0,6.0
771,5038.02,5.0,7.0
772,2941.2,5.0,7.0
773,4819.01,5.0,6.0
774,1219.0,5.0,8.0
775,2765.0,5.0,2.0
776,6210.04,5.0,3.0
777,871.05,5.0,7.0
778,1235.1,5.0,5.0
779,44.0,5.0,5.0
780,43.05,5.0,7.0
781,89.0,5.0,5.0
782,5302.02,5.0,6.0
783,525.27,5.0,6.0
784,42.0,5.0,5.0
785,45.06,5.0,5.0
786,758.11,5.0,6.0
787,6010.01,5.0,2.0
788,4808.02,5.0,5.0
789,2625.01,5.0,7.0
790,2624.0,5.0,8.0
791,1913.02,5.0,5.0
792,115.03,5.0,5.0
793,4605.01,5.0,5.0
794,871.03,5.0,5.0
795,1106.06,5.0,8.0
796,36.12,5.0,7.0
797,2161.0,5.0,5.0
798,6010.02,5.0,2.0
799,2184.0,5.0,6.0
800,2212.1,5.0,8.0
801,91.0,5.0,5.0
802,32.01,5.0,6.0
803,2697.0,5.0,9.0
804,22.0,5.0,6.0
805,5303.01,5.0,8.0
806,5508.0,5.0,5.0
807,87.0,5.0,6.0
808,47.1,5.0,5.0
809,64.0,5.0,6.0
810,1061.11,5.0,5.0
811,3021.02,5.0,7.0
812,1913.01,5.0,5.0
813,2127.01,5.0,5.0
814,115.02,5.0,5.0
815,2128.0,5.0,7.0
816,525.19,5.0,7.0
817,2946.2,5.0,7.0
818,4821.01,5.0,6.0
819,758.07,5.0,6.0
820,2015.04,5.0,9.0
821,423.11,5.0,6.0
822,758.12,5.0,8.0
823,525.2,5.0,6.0
824,1106.07,5.0,7.0
825,6214.0,5.0,7.0
826,5430.0,5.0,3.0
827,3015.02,5.0,6.0
828,25.0,5.0,5.0
829,7006.0,5.0,5.0
830,866.02,5.0,6.0
831,2714.0,6.0,6.0
832,6503.0,6.0,5.0
833,4639.0,6.0,6.0
834,4629.0,6.0,6.0
835,63.02,6.0,8.0
836,5317.01,6.0,8.0
837,755.15,6.0,7.0
838,1234.2,6.0,6.0
839,1239.01,6.0,9.0
840,762.08,6.0,7.0
841,3022.02,6.0,8.0
842,877.04,6.0,6.0
843,320.03,6.0,6.0
844,3108.0,6.0,8.0
845,864.05,6.0,6.0
846,3107.02,6.0,5.0
847,50.04,6.0,6.0
848,320.34,6.0,5.0
849,866.01,6.0,5.0
850,73.0,6.0,6.0
851,1235.2,6.0,6.0
852,2123.05,6.0,7.0
853,6212.04,6.0,6.0
854,320.48,6.0,6.0
855,524.22,6.0,5.0
856,7028.01,6.0,4.0
857,117.2,6.0,8.0
858,1064.03,6.0,8.0
859,525.06,6.0,5.0
860,13.03,6.0,6.0
861,75.11,6.0,6.0
862,320.2,6.0,6.0
863,9009.0,6.0,4.0
864,2719.02,6.0,5.0
865,423.36,6.0,5.0
866,2110.0,6.0,5.0
867,47.15,6.0,5.0
868,5538.02,6.0,5.0
869,41.01,6.0,6.0
870,45.04,6.0,7.0
871,45.03,6.0,7.0
872,45.05,6.0,6.0
873,2240.2,6.0,6.0
874,1064.08,6.0,5.0
875,3107.03,6.0,6.0
876,994.04,6.0,6.0
877,1917.2,6.0,7.0
878,9203.14,6.0,6.0
879,6211.04,6.0,4.0
880,6504.01,6.0,7.0
881,1021.07,6.0,8.0
882,1815.0,6.0,8.0
883,19.01,6.0,5.0
884,4809.03,6.0,8.0
885,18.02,6.0,5.0
886,525.26,6.0,7.0
887,74.02,6.0,6.0
888,2702.0,6.0,8.0
889,865.02,6.0,7.0
890,1912.03,6.0,8.0
891,423.35,6.0,5.0
892,88.0,6.0,6.0
893,9203.37,6.0,8.0
894,3018.02,6.0,7.0
895,880.02,6.0,8.0
896,111.02,6.0,6.0
897,320.53,6.0,7.0
898,1914.1,6.0,5.0
899,50.02,6.0,5.0
900,762.04,6.0,5.0
901,2242.0,6.0,7.0
902,864.06,6.0,6.0
903,525.11,6.0,5.0
904,1237.0,6.0,8.0
905,15.07,6.0,6.0
906,33.0,6.0,6.0
907,1909.01,6.0,8.0
908,5317.02,6.0,7.0
909,6014.01,6.0,4.0
910,110.0,6.0,5.0
911,76.1,6.0,5.0
912,864.02,6.0,7.0
913,219.13,6.0,7.0
914,1236.01,6.0,7.0
915,5315.02,6.0,7.0
916,1060.2,6.0,5.0
917,4816.05,6.0,8.0
918,14.02,6.0,6.0
919,4811.01,6.0,9.0
920,2951.03,6.0,5.0
921,36.09,6.0,6.0
922,76.09,6.0,6.0
923,76.11,6.0,6.0
924,76.12,6.0,6.0
925,6023.01,6.0,2.0
926,320.02,6.0,6.0
927,76.07,6.0,7.0
928,37.0,6.0,7.0
929,1872.0,6.0,6.0
930,4817.13,6.0,7.0
931,1279.1,6.0,8.0
932,1224.2,6.0,7.0
933,524.28,6.0,7.0
934,8003.25,6.0,7.0
935,2134.02,6.0,6.0
936,423.27,6.0,7.0
937,421.06,6.0,6.0
938,30.13,6.0,5.0
939,2717.02,6.0,6.0
940,14.01,6.0,5.0
941,2126.2,6.0,5.0
942,8003.26,6.0,7.0
943,525.13,6.0,5.0
944,6213.01,6.0,6.0
945,525.28,6.0,6.0
946,2117.01,6.0,7.0
947,19.02,6.0,5.0
948,421.11,6.0,6.0
949,421.08,6.0,6.0
950,421.03,6.0,5.0
951,421.12,6.0,5.0
952,421.13,6.0,5.0
953,421.07,6.0,7.0
954,863.04,6.0,5.0
955,865.01,6.0,6.0
956,59.07,6.0,5.0
957,1271.02,6.0,5.0
958,7023.0,6.0,7.0
959,5312.02,6.0,6.0
960,1042.01,6.0,7.0
961,5313.01,6.0,8.0
962,4632.0,6.0,7.0
963,2655.2,6.0,8.0
964,2011.2,6.0,9.0
965,17.05,6.0,7.0
966,3016.01,6.0,8.0
967,2243.1,6.0,6.0
968,1837.02,6.0,9.0
969,1070.1,6.0,7.0
970,15.06,6.0,6.0
971,76.06,6.0,6.0
972,15.04,6.0,5.0
973,2016.02,6.0,8.0
974,1831.04,6.0,6.0
975,3201.0,6.0,8.0
976,3022.01,6.0,8.0
977,5308.02,6.0,6.0
978,524.15,6.0,6.0
979,13.04,6.0,7.0
980,17.08,6.0,6.0
981,15.05,6.0,6.0
982,1033.0,6.0,6.0
983,423.19,6.0,5.0
984,1042.03,6.0,7.0
985,421.14,6.0,6.0
986,421.09,6.0,6.0
987,758.06,6.0,6.0
988,3020.02,6.0,6.0
989,1914.2,6.0,6.0
990,863.01,6.0,6.0
991,6210.02,6.0,3.0
992,1224.1,6.0,8.0
993,5316.04,6.0,8.0
994,6212.01,6.0,7.0
995,1232.04,6.0,7.0
996,12.01,6.0,6.0
997,75.08,6.0,5.0
998,5536.02,6.0,6.0
999,5037.02,6.0,5.0
1000,994.15,6.0,6.0
1001,2971.1,6.0,5.0
1002,2962.2,6.0,7.0
1003,2962.1,6.0,7.0
1004,1344.24,6.0,6.0
1005,4820.01,6.0,5.0
1006,2171.0,6.0,9.0
1007,68.0,6.0,7.0
1008,18.01,6.0,6.0
1009,320.23,6.0,6.0
1010,1881.0,6.0,7.0
1011,3015.01,6.0,6.0
1012,5769.03,6.0,5.0
1013,3017.02,6.0,8.0
1014,1105.0,6.0,8.0
1015,14.04,6.0,8.0
1016,4625.0,6.0,6.0
1017,882.01,6.0,6.0
1018,2012.0,6.0,8.0
1019,3020.03,6.0,6.0
1020,7024.0,6.0,4.0
1021,1909.02,6.0,7.0
1022,5306.02,6.0,7.0
1023,524.08,6.0,5.0
1024,2117.03,6.0,7.0
1025,758.16,6.0,6.0
1026,6514.01,6.0,8.0
1027,876.02,6.0,7.0
1028,5038.01,6.0,5.0
1029,758.08,6.0,5.0
1030,11.03,6.0,8.0
1031,2014.01,6.0,9.0
1032,3017.01,6.0,8.0
1033,5316.02,6.0,7.0
1034,423.33,6.0,6.0
1035,43.04,6.0,6.0
1036,36.05,6.0,7.0
1037,1278.03,6.0,6.0
1038,6213.24,6.0,7.0
1039,6501.01,6.0,3.0
1040,423.2,6.0,6.0
1041,4628.0,6.0,7.0
1042,65.0,6.0,9.0
1043,3023.02,6.0,8.0
1044,4807.02,6.0,7.0
1045,2964.02,6.0,9.0
1046,2969.02,6.0,8.0
1047,6506.05,6.0,7.0
1048,2696.01,6.0,9.0
1049,1271.04,6.0,5.0
1050,3025.04,6.0,8.0
1051,9200.42,6.0,5.0
1052,1106.03,6.0,7.0
1053,6704.06,6.0,6.0
1054,1060.1,6.0,5.0
1055,864.07,6.0,6.0
1056,30.11,6.0,6.0
1057,1352.02,6.0,5.0
1058,1272.2,6.0,7.0
1059,1065.2,6.0,6.0
1060,2655.1,6.0,8.0
1061,320.49,6.0,7.0
1062,12.02,6.0,6.0
1063,2051.2,6.0,6.0
1064,3025.03,6.0,8.0
1065,75.14,6.0,6.0
1066,4808.04,6.0,7.0
1067,76.13,6.0,5.0
1068,9200.33,6.0,7.0
1069,4623.01,6.0,8.0
1070,2963.0,6.0,4.0
1071,872.0,6.0,7.0
1072,116.01,6.0,7.0
1073,3020.04,6.0,9.0
1074,2048.1,6.0,7.0
1075,9200.26,6.0,8.0
1076,9108.07,6.0,7.0
1077,993.05,6.0,7.0
1078,3009.01,6.0,6.0
1079,117.09,6.0,6.0
1080,5316.03,6.0,7.0
1081,116.02,6.0,9.0
1082,6012.12,6.0,3.0
1083,63.01,6.0,7.0
1084,2240.1,6.0,8.0
1085,9108.1,6.0,6.0
1086,2654.2,6.0,7.0
1087,6505.01,6.0,7.0
1088,5409.01,6.0,2.0
1089,4816.04,6.0,7.0
1090,525.23,6.0,6.0
1091,1323.0,6.0,7.0
1092,1221.2,6.0,8.0
1093,5309.02,6.0,6.0
1094,4638.0,6.0,5.0
1095,5305.0,6.0,5.0
1096,1201.04,6.0,9.0
1097,423.12,6.0,7.0
1098,3018.01,6.0,8.0
1099,4828.0,6.0,6.0
1100,115.04,6.0,5.0
1101,2015.01,6.0,7.0
1102,1061.14,6.0,5.0
1103,1061.13,6.0,6.0
1104,320.12,6.0,7.0
1105,1395.02,6.0,7.0
1106,13.02,6.0,6.0
1107,1832.2,6.0,7.0
1108,760.0,6.0,6.0
1109,117.08,6.0,5.0
1110,3012.03,6.0,5.0
1111,5034.02,6.0,6.0
1112,1373.02,6.0,6.0
1113,6702.02,6.0,8.0
1114,423.34,6.0,5.0
1115,36.08,6.0,7.0
1116,9203.32,6.0,8.0
1117,863.05,6.0,5.0
1118,1370.0,6.0,6.0
1119,1916.1,6.0,9.0
1120,755.06,6.0,7.0
1121,6206.02,6.0,3.0
1122,1070.2,6.0,8.0
1123,13.01,6.0,5.0
1124,1064.06,6.0,5.0
1125,524.19,6.0,6.0
1126,1329.0,6.0,7.0
1127,9200.38,6.0,8.0
1128,1221.21,6.0,8.0
1129,5315.04,6.0,7.0
1130,320.11,6.0,7.0
1131,626.19,6.0,7.0
1132,6512.01,6.0,6.0
1133,762.01,6.0,5.0
1134,1200.3,6.0,7.0
1135,6704.03,6.0,7.0
1136,1104.01,6.0,6.0
1137,29.05,6.0,6.0
1138,759.02,6.0,5.0
1139,4626.0,6.0,6.0
1140,9200.29,6.0,7.0
1141,17.0,6.0,7.0
1142,3021.04,6.0,8.0
1143,4808.03,6.0,7.0
1144,1233.01,6.0,7.0
1145,3019.0,6.0,7.0
1146,4807.03,6.0,6.0
1147,9.02,6.0,8.0
1148,9.01,6.0,8.0
1149,1066.48,6.0,7.0
1150,1352.03,6.0,5.0
1151,756.03,6.0,7.0
1152,993.08,6.0,6.0
1153,8003.31,6.0,7.0
1154,876.01,6.0,6.0
1155,757.02,6.0,8.0
1156,2699.04,6.0,6.0
1157,2016.01,6.0,8.0
1158,59.09,6.0,7.0
1159,59.11,6.0,7.0
1160,1201.06,6.0,7.0
1161,1321.01,6.0,8.0
1162,4641.0,6.0,6.0
1163,761.01,6.0,5.0
1164,1832.21,6.0,6.0
1165,69.0,6.0,7.0
1166,2970.0,6.0,7.0
1167,1221.22,6.0,8.0
1168,5511.02,6.0,6.0
1169,117.07,6.0,7.0
1170,762.02,6.0,7.0
1171,6706.02,6.0,5.0
1172,3102.02,6.0,5.0
1173,2017.0,6.0,7.0
1174,1320.02,6.0,6.0
1175,2079.0,6.0,9.0
1176,2976.02,6.0,5.0
1177,2976.01,6.0,6.0
1178,1042.04,6.0,7.0
1179,117.16,6.0,6.0
1180,5039.01,6.0,7.0
1181,6507.01,6.0,7.0
1182,9302.0,6.0,5.0
1183,2121.02,6.0,7.0
1184,1925.2,6.0,9.0
1185,1373.01,6.0,6.0
1186,6508.0,6.0,5.0
1187,9108.08,6.0,7.0
1188,995.14,6.0,6.0
1189,756.04,6.0,6.0
1190,626.32,6.0,8.0
1191,7007.0,6.0,5.0
1192,994.13,6.0,8.0
1193,524.26,6.0,6.0
1194,6514.02,6.0,5.0
1195,5440.01,6.0,7.0
1196,29.01,6.0,5.0
1197,1831.01,6.0,9.0
1198,2675.01,6.0,7.0
1199,626.4,6.0,5.0
1200,994.16,6.0,7.0
1201,2127.02,6.0,5.0
1202,2717.01,6.0,7.0
1203,3012.06,6.0,6.0
1204,758.13,6.0,6.0
1205,9102.09,6.0,5.0
1206,4616.0,6.0,8.0
1207,6012.11,6.0,4.0
1208,4827.01,6.0,7.0
1209,8002.03,6.0,6.0
1210,881.05,6.0,8.0
1211,9108.13,6.0,6.0
1212,4815.0,6.0,6.0
1213,4622.02,6.0,7.0
1214,3117.0,6.0,8.0
1215,1236.02,6.0,7.0
1216,524.11,6.0,6.0
1217,75.07,6.0,6.0
1218,10.01,6.0,8.0
1219,1200.2,6.0,7.0
1220,4807.04,6.0,5.0
1221,320.14,6.0,9.0
1222,10.02,6.0,9.0
1223,11.01,6.0,7.0
1224,5512.01,6.0,5.0
1225,756.07,6.0,5.0
1226,525.05,6.0,7.0
1227,868.01,6.0,5.0
1228,5306.01,6.0,5.0
1229,756.06,6.0,7.0
1230,5311.02,6.0,6.0
1231,1915.0,6.0,9.0
1232,66.0,6.0,8.0
1233,1.0,6.0,9.0
1234,5517.0,6.0,6.0
1235,626.2,6.0,9.0
1236,758.15,6.0,7.0
1237,877.03,6.0,5.0
1238,4827.02,6.0,5.0
1239,423.28,6.0,6.0
1240,4613.0,6.0,8.0
1241,9200.23,6.0,7.0
1242,756.05,6.0,7.0
1243,3107.01,6.0,5.0
1244,4637.0,6.0,6.0
1245,9800.24,6.0,7.0
1246,2695.0,6.0,7.0
1247,874.01,6.0,8.0
1248,320.56,6.0,6.0
1249,995.13,6.0,5.0
1250,2975.0,6.0,5.0
1251,2972.02,6.0,5.0
1252,1032.0,6.0,6.0
1253,626.11,6.0,6.0
1254,2703.0,6.0,8.0
1255,2114.2,6.0,7.0
1256,2698.0,6.0,6.0
1257,6512.21,6.0,4.0
1258,869.03,6.0,6.0
1259,3016.02,6.0,9.0
1260,5769.04,6.0,6.0
1261,9102.1,6.0,6.0
1262,219.16,6.0,6.0
1263,2718.02,6.0,6.0
1264,868.03,6.0,6.0
1265,873.0,6.0,8.0
1266,4814.01,6.0,7.0
1267,1211.02,6.0,6.0
1268,758.1,6.0,6.0
1269,2693.0,6.0,7.0
1270,626.12,7.0,6.0
1271,1241.03,7.0,8.0
1272,2133.2,7.0,8.0
1273,4633.0,7.0,6.0
1274,2013.02,7.0,7.0
1275,1393.03,7.0,6.0
1276,525.14,7.0,5.0
1277,9200.39,7.0,7.0
1278,9200.41,7.0,8.0
1279,9200.37,7.0,7.0
1280,9200.4,7.0,7.0
1281,9010.1,7.0,5.0
1282,67.0,7.0,6.0
1283,6511.02,7.0,4.0
1284,1392.0,7.0,7.0
1285,1393.02,7.0,7.0
1286,6507.02,7.0,5.0
1287,9010.04,7.0,5.0
1288,1394.02,7.0,6.0
1289,9200.43,7.0,7.0
1290,870.02,7.0,6.0
1291,117.14,7.0,7.0
1292,1282.1,7.0,5.0
1293,1398.01,7.0,8.0
1294,524.2,7.0,6.0
1295,11.02,7.0,7.0
1296,1834.02,7.0,6.0
1297,6099.0,7.0,8.0
1298,2969.01,7.0,8.0
1299,9201.12,7.0,6.0
1300,3109.0,7.0,9.0
1301,2965.0,7.0,7.0
1302,2966.0,7.0,7.0
1303,2971.2,7.0,6.0
1304,2972.01,7.0,6.0
1305,2652.02,7.0,8.0
1306,3118.01,7.0,9.0
1307,1959.01,7.0,5.0
1308,1395.03,7.0,7.0
1309,320.15,7.0,6.0
1310,994.02,7.0,8.0
1311,5512.02,7.0,6.0
1312,1396.0,7.0,6.0
1313,4802.01,7.0,8.0
1314,5310.0,7.0,7.0
1315,525.02,7.0,8.0
1316,219.15,7.0,7.0
1317,755.04,7.0,6.0
1318,1048.22,7.0,7.0
1319,1905.2,7.0,8.0
1320,1891.01,7.0,7.0
1321,9200.35,7.0,7.0
1322,7009.02,7.0,6.0
1323,76.14,7.0,7.0
1324,1201.07,7.0,7.0
1325,878.06,7.0,5.0
1326,2071.02,7.0,8.0
1327,1925.1,7.0,9.0
1328,755.07,7.0,7.0
1329,4617.0,7.0,7.0
1330,9203.29,7.0,7.0
1331,2656.02,7.0,7.0
1332,320.38,7.0,6.0
1333,12.04,7.0,7.0
1334,1926.1,7.0,9.0
1335,9200.28,7.0,6.0
1336,1883.0,7.0,5.0
1337,1246.0,7.0,8.0
1338,6505.02,7.0,4.0
1339,1021.04,7.0,6.0
1340,2123.06,7.0,8.0
1341,2048.2,7.0,5.0
1342,871.06,7.0,6.0
1343,1394.01,7.0,8.0
1344,3023.01,7.0,8.0
1345,1390.01,7.0,7.0
1346,1926.2,7.0,9.0
1347,5518.0,7.0,7.0
1348,5315.03,7.0,7.0
1349,7008.01,7.0,7.0
1350,3010.0,7.0,6.0
1351,9200.17,7.0,6.0
1352,219.14,7.0,7.0
1353,1310.2,7.0,9.0
1354,117.21,7.0,6.0
1355,4822.01,7.0,6.0
1356,1273.0,7.0,7.0
1357,6704.07,7.0,7.0
1358,4820.02,7.0,5.0
1359,1066.45,7.0,7.0
1360,7010.0,7.0,5.0
1361,1924.1,7.0,6.0
1362,755.05,7.0,7.0
1363,422.05,7.0,6.0
1364,2699.07,7.0,6.0
1365,2699.06,7.0,6.0
1366,1043.1,7.0,8.0
1367,12.06,7.0,8.0
1368,6704.16,7.0,4.0
1369,5535.03,7.0,8.0
1370,2060.31,7.0,6.0
1371,6704.05,7.0,7.0
1372,1871.01,7.0,5.0
1373,117.22,7.0,7.0
1374,2657.0,7.0,7.0
1375,757.03,7.0,6.0
1376,75.13,7.0,8.0
1377,117.12,7.0,6.0
1378,3106.02,7.0,7.0
1379,9203.12,7.0,7.0
1380,5509.02,7.0,5.0
1381,2673.0,7.0,8.0
1382,5303.02,7.0,5.0
1383,9012.1,7.0,6.0
1384,5033.02,7.0,8.0
1385,5763.02,7.0,6.0
1386,1041.08,7.0,6.0
1387,423.15,7.0,6.0
1388,5768.01,7.0,5.0
1389,525.17,7.0,7.0
1390,1041.03,7.0,5.0
1391,9010.07,7.0,5.0
1392,9200.31,7.0,5.0
1393,4806.0,7.0,6.0
1394,9012.09,7.0,6.0
1395,5751.02,7.0,6.0
1396,2701.0,7.0,4.0
1397,3025.05,7.0,6.0
1398,8003.32,7.0,7.0
1399,1395.04,7.0,6.0
1400,5532.0,7.0,8.0
1401,5541.03,7.0,8.0
1402,1924.2,7.0,7.0
1403,1064.07,7.0,7.0
1404,1832.22,7.0,5.0
1405,3106.01,7.0,6.0
1406,2118.02,7.0,7.0
1407,2674.03,7.0,7.0
1408,3202.02,7.0,8.0
1409,630.06,7.0,7.0
1410,5311.01,7.0,7.0
1411,1230.2,7.0,8.0
1412,1276.03,7.0,6.0
1413,1272.1,7.0,7.0
1414,5768.02,7.0,5.0
1415,1892.01,7.0,8.0
1416,5990.0,7.0,7.0
1417,4609.0,7.0,8.0
1418,1816.0,7.0,5.0
1419,1344.21,7.0,7.0
1420,1043.2,7.0,9.0
1421,62.0,7.0,6.0
1422,320.39,7.0,6.0
1423,993.1,7.0,6.0
1424,9203.26,7.0,6.0
1425,9200.16,7.0,6.0
1426,626.05,7.0,7.0
1427,882.03,7.0,6.0
1428,1021.05,7.0,8.0
1429,639.04,7.0,8.0
1430,626.33,7.0,6.0
1431,320.41,7.0,7.0
1432,1065.1,7.0,6.0
1433,6513.04,7.0,5.0
1434,875.05,7.0,6.0
1435,1253.1,7.0,9.0
1436,1912.01,7.0,8.0
1437,626.28,7.0,6.0
1438,117.11,7.0,5.0
1439,626.37,7.0,6.0
1440,4622.01,7.0,8.0
1441,525.25,7.0,7.0
1442,6513.02,7.0,4.0
1443,3.02,7.0,6.0
1444,5307.0,7.0,7.0
1445,1374.02,7.0,8.0
1446,8001.01,7.0,8.0
1447,6703.26,7.0,7.0
1448,5034.01,7.0,6.0
1449,1861.0,7.0,6.0
1450,2621.0,7.0,5.0
1451,1222.0,7.0,8.0
1452,5309.01,7.0,7.0
1453,4610.0,7.0,9.0
1454,1066.04,7.0,6.0
1455,320.61,7.0,6.0
1456,9200.34,7.0,7.0
1457,5754.02,7.0,9.0
1458,6704.11,7.0,6.0
1459,4620.02,7.0,10.0
1460,1232.05,7.0,7.0
1461,4821.02,7.0,5.0
1462,5764.01,7.0,7.0
1463,1891.02,7.0,7.0
1464,5535.04,7.0,6.0
1465,1232.03,7.0,9.0
1466,1892.02,7.0,7.0
1467,2100.1,7.0,7.0
1468,2014.02,7.0,7.0
1469,5762.0,7.0,5.0
1470,626.39,7.0,7.0
1471,320.22,7.0,6.0
1472,9200.45,7.0,7.0
1473,1972.0,7.0,9.0
1474,9203.3,7.0,6.0
1475,9203.34,7.0,8.0
1476,6703.24,7.0,4.0
1477,6705.0,7.0,5.0
1478,3202.01,7.0,9.0
1479,2062.0,7.0,9.0
1480,3012.04,7.0,7.0
1481,2651.0,7.0,5.0
1482,883.01,7.0,6.0
1483,8002.02,7.0,6.0
1484,9200.36,7.0,8.0
1485,1041.05,7.0,8.0
1486,1242.01,7.0,8.0
1487,1081.01,7.0,7.0
1488,5753.0,7.0,9.0
1489,1873.0,7.0,5.0
1490,1318.0,7.0,8.0
1491,1241.02,7.0,6.0
1492,9011.01,7.0,8.0
1493,9012.05,7.0,5.0
1494,9103.02,7.0,6.0
1495,9103.01,7.0,7.0
1496,9012.13,7.0,6.0
1497,9102.02,7.0,6.0
1498,9011.02,7.0,7.0
1499,4619.01,7.0,8.0
1500,626.36,7.0,6.0
1501,1319.0,7.0,6.0
1502,626.26,7.0,7.0
1503,2013.01,7.0,9.0
1504,6704.13,7.0,5.0
1505,1810.0,7.0,5.0
1506,1174.08,7.0,7.0
1507,6506.03,7.0,5.0
1508,218.14,7.0,7.0
1509,6703.28,7.0,6.0
1510,5758.03,7.0,8.0
1511,5759.02,7.0,9.0
1512,757.01,7.0,6.0
1513,1836.2,7.0,8.0
1514,3101.0,7.0,7.0
1515,1218.02,7.0,8.0
1516,2115.0,7.0,6.0
1517,5758.02,7.0,8.0
1518,9200.3,7.0,6.0
1519,4607.0,7.0,5.0
1520,219.18,7.0,7.0
1521,3014.0,7.0,5.0
1522,626.25,7.0,6.0
1523,993.09,7.0,7.0
1524,1977.0,7.0,8.0
1525,1393.01,7.0,6.0
1526,320.58,7.0,6.0
1527,77.0,7.0,7.0
1528,754.04,7.0,7.0
1529,1081.03,7.0,8.0
1530,5759.01,7.0,8.0
1531,1047.01,7.0,9.0
1532,994.17,7.0,6.0
1533,626.04,7.0,7.0
1534,5031.06,7.0,9.0
1535,626.34,7.0,5.0
1536,2119.22,7.0,8.0
1537,1064.05,7.0,5.0
1538,2011.1,7.0,9.0
1539,1230.1,7.0,7.0
1540,9200.44,7.0,9.0
1541,5772.0,7.0,8.0
1542,5037.01,7.0,6.0
1543,1871.02,7.0,5.0
1544,8002.04,7.0,6.0
1545,78.0,7.0,7.0
1546,626.42,7.0,6.0
1547,5015.03,7.0,6.0
1548,3009.02,7.0,7.0
1549,1244.0,7.0,6.0
1550,993.06,7.0,6.0
1551,9203.36,7.0,8.0
1552,9203.31,7.0,6.0
1553,869.02,7.0,7.0
1554,2091.02,7.0,8.0
1555,993.11,7.0,6.0
1556,754.05,7.0,7.0
1557,994.08,7.0,6.0
1558,1100.08,7.0,7.0
1559,630.05,7.0,7.0
1560,882.02,7.0,6.0
1561,992.45,7.0,7.0
1562,995.08,7.0,7.0
1563,320.13,7.0,6.0
1564,524.21,7.0,7.0
1565,1041.24,7.0,5.0
1566,8003.28,7.0,6.0
1567,3025.06,7.0,8.0
1568,1959.02,7.0,5.0
1569,9203.22,7.0,7.0
1570,9203.13,7.0,7.0
1571,1104.02,7.0,7.0
1572,2134.01,7.0,8.0
1573,1200.1,7.0,8.0
1574,2063.0,7.0,9.0
1575,992.39,7.0,7.0
1576,1814.0,7.0,7.0
1577,2060.1,7.0,8.0
1578,754.01,7.0,6.0
1579,5511.01,7.0,8.0
1580,1174.04,7.0,6.0
1581,4620.01,7.0,9.0
1582,995.06,7.0,6.0
1583,5751.01,7.0,6.0
1584,5002.01,7.0,7.0
1585,218.2,7.0,6.0
1586,993.07,7.0,6.0
1587,4624.0,7.0,7.0
1588,2122.04,7.0,7.0
1589,630.07,7.0,6.0
1590,1882.02,7.0,6.0
1591,1397.03,7.0,6.0
1592,9200.13,7.0,7.0
1593,8003.24,7.0,8.0
1594,1436.02,7.0,7.0
1595,5765.01,7.0,9.0
1596,74.06,7.0,7.0
1597,870.01,7.0,5.0
1598,75.05,7.0,8.0
1599,1132.31,7.0,6.0
1600,1313.0,7.0,8.0
1601,1320.01,7.0,6.0
1602,5765.02,7.0,6.0
1603,5312.01,7.0,6.0
1604,863.03,7.0,7.0
1605,1100.15,7.0,7.0
1606,3024.01,7.0,8.0
1607,4603.01,7.0,6.0
1608,3013.0,7.0,5.0
1609,9203.38,7.0,7.0
1610,1245.0,7.0,8.0
1611,3104.0,7.0,7.0
1612,1241.04,7.0,8.0
1613,4612.0,7.0,8.0
1614,5036.02,7.0,6.0
1615,995.09,7.0,6.0
1616,2973.0,7.0,7.0
1617,887.01,7.0,6.0
1618,1862.01,7.0,5.0
1619,1112.06,7.0,7.0
1620,5535.02,7.0,7.0
1621,1066.03,7.0,6.0
1622,2119.1,7.0,9.0
1623,1325.02,7.0,7.0
1624,5548.01,7.0,6.0
1625,9200.32,7.0,6.0
1626,5763.01,7.0,5.0
1627,320.59,7.0,7.0
1628,4615.02,7.0,10.0
1629,5752.01,7.0,8.0
1630,992.43,7.0,7.0
1631,5752.02,7.0,6.0
1632,9304.01,7.0,6.0
1633,992.46,7.0,7.0
1634,626.27,7.0,6.0
1635,74.03,7.0,7.0
1636,2696.02,7.0,8.0
1637,2974.0,7.0,6.0
1638,2118.04,7.0,7.0
1639,626.47,7.0,7.0
1640,1218.01,7.0,7.0
1641,878.03,7.0,7.0
1642,5767.0,7.0,5.0
1643,626.44,7.0,7.0
1644,2656.01,7.0,7.0
1645,2121.01,7.0,8.0
1646,3.04,7.0,6.0
1647,219.03,7.0,7.0
1648,630.1,7.0,7.0
1649,1904.01,7.0,8.0
1650,9201.08,7.0,7.0
1651,9201.09,7.0,6.0
1652,9201.1,7.0,6.0
1653,3011.0,7.0,7.0
1654,2716.0,7.0,6.0
1655,1101.06,7.0,6.0
1656,5529.0,7.0,7.0
1657,1344.22,7.0,6.0
1658,6707.01,7.0,5.0
1659,9200.18,7.0,7.0
1660,9200.15,7.0,6.0
1661,1276.05,7.0,6.0
1662,1274.0,7.0,8.0
1663,5702.03,7.0,9.0
1664,5766.01,7.0,8.0
1665,995.11,7.0,7.0
1666,524.1,7.0,6.0
1667,320.4,7.0,6.0
1668,1288.02,7.0,6.0
1669,1066.49,7.0,8.0
1670,1952.01,7.0,7.0
1671,863.06,7.0,6.0
1672,2690.0,7.0,6.0
1673,2964.01,7.0,5.0
1674,1310.1,7.0,7.0
1675,2676.0,7.0,8.0
1676,59.08,7.0,7.0
1677,874.05,7.0,7.0
1678,2118.03,7.0,9.0
1679,1247.0,7.0,6.0
1680,4608.0,7.0,5.0
1681,1943.0,7.0,6.0
1682,4603.02,7.0,6.0
1683,2699.03,7.0,6.0
1684,117.1,7.0,7.0
1685,628.0,7.0,8.0
1686,1836.1,7.0,8.0
1687,320.43,7.0,6.0
1688,994.11,7.0,8.0
1689,9201.07,7.0,7.0
1690,524.17,7.0,7.0
1691,1813.0,7.0,6.0
1692,1953.0,7.0,7.0
1693,4619.02,7.0,7.0
1694,626.1,7.0,8.0
1695,1210.2,7.0,6.0
1696,320.46,7.0,6.0
1697,5530.0,7.0,6.0
1698,2167.0,7.0,8.0
1699,2243.2,7.0,7.0
1700,5717.03,7.0,6.0
1701,3007.02,7.0,5.0
1702,5543.01,7.0,8.0
1703,117.15,7.0,6.0
1704,1343.03,7.0,6.0
1705,5717.01,7.0,8.0
1706,1210.1,7.0,6.0
1707,5705.02,7.0,6.0
1708,5015.01,7.0,6.0
1709,1197.0,7.0,6.0
1710,1220.0,7.0,6.0
1711,1344.23,7.0,6.0
1712,5734.03,7.0,7.0
1713,5032.02,7.0,10.0
1714,1103.02,7.0,7.0
1715,1100.12,7.0,6.0
1716,5764.02,7.0,7.0
1717,219.19,7.0,7.0
1718,992.4,7.0,8.0
1719,5035.01,7.0,8.0
1720,5545.15,7.0,9.0
1721,219.17,7.0,7.0
1722,320.57,7.0,6.0
1723,5760.01,7.0,5.0
1724,878.05,7.0,7.0
1725,9201.11,7.0,7.0
1726,3203.0,7.0,9.0
1727,874.04,7.0,8.0
1728,992.33,7.0,7.0
1729,2679.01,7.0,6.0
1730,5308.01,7.0,6.0
1731,218.21,7.0,7.0
1732,627.02,7.0,6.0
1733,6707.02,7.0,5.0
1734,218.02,7.0,8.0
1735,4817.14,7.0,7.0
1736,1276.04,7.0,8.0
1737,5547.0,7.0,8.0
1738,626.45,7.0,7.0
1739,5001.0,7.0,9.0
1740,994.07,7.0,6.0
1741,2151.01,7.0,7.0
1742,630.04,7.0,6.0
1743,4823.01,7.0,6.0
1744,1893.0,7.0,8.0
1745,8003.27,7.0,7.0
1746,5016.0,7.0,6.0
1747,320.55,7.0,7.0
1748,1066.42,7.0,8.0
1749,5551.04,7.0,9.0
1750,995.12,7.0,8.0
1751,1132.34,7.0,8.0
1752,117.17,7.0,6.0
1753,5702.02,7.0,5.0
1754,1864.01,7.0,6.0
1755,1864.03,7.0,7.0
1756,1278.04,7.0,7.0
1757,1438.0,7.0,8.0
1758,5032.01,7.0,9.0
1759,1351.02,7.0,7.0
1760,1321.02,7.0,7.0
1761,626.3,7.0,7.0
1762,1154.03,7.0,7.0
1763,1102.01,7.0,6.0
1764,525.24,7.0,6.0
1765,994.06,7.0,6.0
1766,992.38,7.0,7.0
1767,117.18,7.0,7.0
1768,1249.02,7.0,7.0
1769,218.12,7.0,6.0
1770,869.01,7.0,8.0
1771,2678.0,7.0,8.0
1772,1959.03,7.0,6.0
1773,320.5,7.0,7.0
1774,1021.03,7.0,9.0
1775,9200.2,7.0,8.0
1776,61.0,7.0,6.0
1777,2141.0,7.0,6.0
1778,5320.01,7.0,8.0
1779,58.01,7.0,7.0
1780,1174.05,7.0,8.0
1781,2077.1,7.0,8.0
1782,1433.0,7.0,6.0
1783,2075.02,7.0,8.0
1784,758.09,7.0,7.0
1785,2162.0,7.0,7.0
1786,5539.01,7.0,8.0
1787,1325.01,7.0,6.0
1788,992.44,7.0,8.0
1789,992.2,7.0,7.0
1790,1242.03,7.0,6.0
1791,320.44,7.0,6.0
1792,74.05,7.0,7.0
1793,320.54,7.0,7.0
1794,2093.0,7.0,8.0
1795,7009.01,7.0,8.0
1796,5018.04,7.0,6.0
1797,3012.05,7.0,5.0
1798,219.2,7.0,7.0
1799,1101.14,7.0,8.0
1800,219.05,7.0,7.0
1801,5513.0,7.0,6.0
1802,1991.2,7.0,8.0
1803,2260.02,7.0,8.0
1804,6506.02,7.0,7.0
1805,5546.0,7.0,6.0
1806,8004.06,7.0,8.0
1807,2149.01,7.0,7.0
1808,1838.2,7.0,9.0
1809,994.12,7.0,8.0
1810,6512.22,7.0,5.0
1811,626.38,7.0,7.0
1812,1352.01,7.0,6.0
1813,1348.0,7.0,8.0
1814,9800.19,7.0,8.0
1815,5035.02,7.0,7.0
1816,992.37,7.0,7.0
1817,2073.01,7.0,8.0
1818,1974.1,7.0,7.0
1819,5020.05,7.0,9.0
1820,755.13,7.0,8.0
1821,639.06,7.0,7.0
1822,1343.02,7.0,7.0
1823,9203.39,7.0,8.0
1824,219.24,7.0,7.0
1825,218.26,7.0,7.0
1826,626.43,7.0,7.0
1827,1066.41,7.0,6.0
1828,1271.03,7.0,6.0
1829,4602.0,7.0,7.0
1830,1066.43,7.0,7.0
1831,1991.1,7.0,6.0
1832,5300.06,7.0,9.0
1833,761.02,7.0,7.0
1834,2715.0,7.0,6.0
1835,320.42,7.0,7.0
1836,5506.02,7.0,5.0
1837,5732.02,7.0,9.0
1838,1317.02,7.0,6.0
1839,320.45,7.0,6.0
1840,1314.0,7.0,8.0
1841,1048.1,7.0,8.0
1842,218.17,7.0,6.0
1843,1103.01,7.0,8.0
1844,5769.01,7.0,6.0
1845,5542.04,7.0,9.0
1846,1838.1,7.0,9.0
1847,1397.02,7.0,6.0
1848,219.22,7.0,6.0
1849,219.23,7.0,6.0
1850,219.21,7.0,7.0
1851,1133.03,7.0,7.0
1852,5019.0,7.0,7.0
1853,3103.0,7.0,5.0
1854,1231.04,7.0,8.0
1855,4817.11,7.0,7.0
1856,999.06,7.0,7.0
1857,626.22,7.0,8.0
1858,5520.02,7.0,7.0
1859,1340.01,7.0,8.0
1860,630.08,7.0,6.0
1861,2043.0,7.0,8.0
1862,218.3,7.0,7.0
1863,320.51,7.0,8.0
1864,5017.0,7.0,6.0
1865,4604.01,7.0,7.0
1866,9203.28,7.0,7.0
1867,5036.01,7.0,8.0
1868,5015.04,7.0,6.0
1869,218.09,7.0,8.0
1870,1201.03,7.0,8.0
1871,60.0,7.0,7.0
1872,423.07,7.0,6.0
1873,626.46,7.0,8.0
1874,218.25,7.0,8.0
1875,218.29,7.0,6.0
1876,4614.0,7.0,9.0
1877,995.04,7.0,7.0
1878,1103.04,7.0,7.0
1879,524.18,7.0,7.0
1880,1242.04,7.0,6.0
1881,1132.35,7.0,7.0
1882,5550.01,7.0,8.0
1883,5509.01,7.0,5.0
1884,2169.0,7.0,8.0
1885,626.14,7.0,9.0
1886,992.32,7.0,6.0
1887,2049.1,7.0,6.0
1888,5706.02,7.0,7.0
1889,2095.1,7.0,8.0
1890,1952.02,7.0,6.0
1891,5526.01,7.0,8.0
1892,1102.02,7.0,8.0
1893,1100.14,7.0,6.0
1894,1199.0,7.0,9.0
1895,1046.1,7.0,9.0
1896,218.16,7.0,6.0
1897,2711.0,7.0,9.0
1898,2039.0,7.0,6.0
1899,4601.0,7.0,7.0
1900,1133.22,7.0,7.0
1901,5521.0,7.0,7.0
1902,52.05,7.0,7.0
1903,1951.0,7.0,5.0
1904,5754.01,7.0,8.0
1905,1973.0,7.0,8.0
1906,1132.12,7.0,7.0
1907,992.31,7.0,7.0
1908,1252.0,7.0,6.0
1909,992.14,7.0,7.0
1910,2145.01,7.0,8.0
1911,5533.0,7.0,8.0
1912,627.01,7.0,6.0
1913,218.27,7.0,7.0
1914,218.28,7.0,7.0
1915,1899.04,7.0,8.0
1916,1241.05,7.0,6.0
1917,3102.01,7.0,5.0
1918,219.12,7.0,6.0
1919,1132.11,7.0,7.0
1920,1243.0,7.0,7.0
1921,59.1,7.0,6.0
1922,1899.05,7.0,8.0
1923,218.15,7.0,7.0
1924,1851.0,7.0,5.0
1925,626.35,7.0,7.0
1926,4611.0,7.0,9.0
1927,5539.02,7.0,9.0
1928,5519.0,7.0,8.0
1929,2677.0,7.0,9.0
1930,7005.01,7.0,6.0
1931,1276.06,8.0,6.0
1932,992.42,8.0,7.0
1933,59.01,8.0,7.0
1934,626.41,8.0,6.0
1935,1101.17,8.0,7.0
1936,5775.04,8.0,7.0
1937,1101.16,8.0,8.0
1938,5033.01,8.0,7.0
1939,4615.01,8.0,10.0
1940,218.24,8.0,7.0
1941,5018.02,8.0,6.0
1942,58.02,8.0,7.0
1943,1837.01,8.0,9.0
1944,1275.2,8.0,8.0
1945,1285.0,8.0,6.0
1946,9200.12,8.0,6.0
1947,879.02,8.0,8.0
1948,626.48,8.0,5.0
1949,2098.2,8.0,7.0
1950,1095.0,8.0,9.0
1951,5510.0,8.0,7.0
1952,2168.0,8.0,7.0
1953,1046.2,8.0,9.0
1954,2113.1,8.0,8.0
1955,1216.0,8.0,6.0
1956,1899.03,8.0,8.0
1957,1345.21,8.0,8.0
1958,1863.01,8.0,6.0
1959,5304.0,8.0,5.0
1960,754.03,8.0,6.0
1961,5505.0,8.0,7.0
1962,5544.03,8.0,8.0
1963,1100.06,8.0,7.0
1964,8003.29,8.0,7.0
1965,218.07,8.0,6.0
1966,1232.06,8.0,8.0
1967,1112.01,8.0,8.0
1968,1351.11,8.0,6.0
1969,1347.1,8.0,7.0
1970,5700.03,8.0,8.0
1971,875.03,8.0,8.0
1972,1101.08,8.0,6.0
1973,1193.41,8.0,8.0
1974,80.05,8.0,7.0
1975,1102.03,8.0,8.0
1976,1439.02,8.0,8.0
1977,1239.02,8.0,6.0
1978,758.14,8.0,7.0
1979,4826.0,8.0,7.0
1980,996.04,8.0,8.0
1981,218.1,8.0,7.0
1982,5319.01,8.0,6.0
1983,5551.03,8.0,8.0
1984,2671.0,8.0,7.0
1985,1175.3,8.0,8.0
1986,79.04,8.0,8.0
1987,79.01,8.0,8.0
1988,5764.03,8.0,5.0
1989,1048.21,8.0,8.0
1990,2112.01,8.0,9.0
1991,5717.04,8.0,6.0
1992,626.49,8.0,7.0
1993,4825.21,8.0,8.0
1994,7008.02,8.0,6.0
1995,9201.14,8.0,7.0
1996,5040.01,8.0,6.0
1997,4621.0,8.0,9.0
1998,755.12,8.0,8.0
1999,218.23,8.0,6.0
2000,5321.02,8.0,8.0
2001,5528.0,8.0,7.0
2002,5300.04,8.0,8.0
2003,5770.0,8.0,6.0
2004,5775.01,8.0,8.0
2005,5319.02,8.0,8.0
2006,4817.12,8.0,7.0
2007,1254.01,8.0,6.0
2008,5540.01,8.0,8.0
2009,992.35,8.0,8.0
2010,5322.0,8.0,8.0
2011,9203.03,8.0,8.0
2012,1397.01,8.0,7.0
2013,755.14,8.0,8.0
2014,1411.02,8.0,8.0
2015,2.0,8.0,6.0
2016,8003.3,8.0,9.0
2017,626.31,8.0,7.0
2018,2075.01,8.0,8.0
2019,2087.1,8.0,7.0
2020,1311.0,8.0,8.0
2021,1132.37,8.0,8.0
2022,880.01,8.0,7.0
2023,1103.03,8.0,7.0
2024,1343.04,8.0,6.0
2025,2041.1,8.0,8.0
2026,2094.02,8.0,8.0
2027,2074.0,8.0,8.0
2028,5544.05,8.0,7.0
2029,1100.01,8.0,8.0
2030,2611.02,8.0,5.0
2031,5716.0,8.0,6.0
2032,5507.0,8.0,5.0
2033,5703.01,8.0,7.0
2034,4006.03,8.0,8.0
2035,5707.01,8.0,7.0
2036,5503.0,8.0,9.0
2037,2071.01,8.0,8.0
2038,2041.2,8.0,7.0
2039,5340.02,8.0,5.0
2040,218.22,8.0,7.0
2041,1111.0,8.0,7.0
2042,1114.0,8.0,8.0
2043,5734.02,8.0,7.0
2044,1974.2,8.0,9.0
2045,1277.11,8.0,6.0
2046,5709.02,8.0,9.0
2047,5010.02,8.0,7.0
2048,1342.01,8.0,8.0
2049,1349.01,8.0,6.0
2050,992.3,8.0,7.0
2051,1112.04,8.0,7.0
2052,1833.0,8.0,5.0
2053,1834.01,8.0,7.0
2054,1101.02,8.0,7.0
2055,1903.01,8.0,6.0
2056,1082.01,8.0,6.0
2057,5544.04,8.0,8.0
2058,1835.2,8.0,8.0
2059,1081.04,8.0,7.0
2060,4038.01,8.0,9.0
2061,1066.46,8.0,8.0
2062,631.02,8.0,6.0
2063,2046.0,8.0,5.0
2064,5543.02,8.0,8.0
2065,5705.01,8.0,6.0
2066,878.01,8.0,8.0
2067,5751.03,8.0,7.0
2068,5545.16,8.0,8.0
2069,5715.03,8.0,6.0
2070,2626.01,8.0,8.0
2071,5506.01,8.0,7.0
2072,632.02,8.0,7.0
2073,5545.13,8.0,7.0
2074,5720.02,8.0,7.0
2075,9201.15,8.0,6.0
2076,5502.02,8.0,8.0
2077,2113.2,8.0,8.0
2078,1312.0,8.0,7.0
2079,1101.13,8.0,7.0
2080,1203.0,8.0,9.0
2081,5771.0,8.0,7.0
2082,5527.0,8.0,7.0
2083,5701.0,8.0,9.0
2084,1330.0,8.0,6.0
2085,53.05,8.0,7.0
2086,5300.03,8.0,8.0
2087,5773.0,8.0,7.0
2088,5730.02,8.0,9.0
2089,1414.0,8.0,8.0
2090,1173.03,8.0,7.0
2091,1133.01,8.0,7.0
2092,1092.0,8.0,7.0
2093,5008.0,8.0,8.0
2094,1101.18,8.0,6.0
2095,881.07,8.0,8.0
2096,4814.02,8.0,8.0
2097,5440.02,8.0,7.0
2098,1927.0,8.0,6.0
2099,5765.03,8.0,5.0
2100,5526.02,8.0,9.0
2101,4811.02,8.0,10.0
2102,996.05,8.0,7.0
2103,5018.03,8.0,6.0
2104,9.03,8.0,7.0
2105,5700.02,8.0,8.0
2106,881.01,8.0,7.0
2107,5542.03,8.0,9.0
2108,1852.04,8.0,6.0
2109,1918.2,8.0,6.0
2110,5542.01,8.0,7.0
2111,5022.0,8.0,8.0
2112,1132.13,8.0,8.0
2113,5766.02,8.0,5.0
2114,5504.0,8.0,7.0
2115,1097.0,8.0,6.0
2116,2088.02,8.0,7.0
2117,4037.21,8.0,8.0
2118,879.01,8.0,7.0
2119,1101.15,8.0,7.0
2120,1918.1,8.0,5.0
2121,1204.0,8.0,7.0
2122,632.01,8.0,6.0
2123,5541.05,8.0,9.0
2124,2112.02,8.0,8.0
2125,3111.0,8.0,8.0
2126,5520.01,8.0,7.0
2127,75.06,8.0,7.0
2128,80.04,8.0,7.0
2129,80.01,8.0,7.0
2130,5031.05,8.0,9.0
2131,5320.02,8.0,8.0
2132,1852.03,8.0,6.0
2133,1374.01,8.0,7.0
2134,1175.2,8.0,8.0
2135,5534.0,8.0,8.0
2136,5715.02,8.0,6.0
2137,1286.02,8.0,8.0
2138,634.0,8.0,9.0
2139,5020.04,8.0,8.0
2140,994.1,8.0,7.0
2141,1835.1,8.0,8.0
2142,2144.0,8.0,7.0
2143,5023.01,8.0,8.0
2144,878.02,8.0,8.0
2145,1864.04,8.0,7.0
2146,2032.0,8.0,8.0
2147,3110.0,8.0,7.0
2148,5733.0,8.0,8.0
2149,996.03,8.0,7.0
2150,631.01,8.0,7.0
2151,1283.03,8.0,9.0
2152,5774.0,8.0,8.0
2153,5551.02,8.0,9.0
2154,4642.0,8.0,6.0
2155,84.01,8.0,9.0
2156,82.01,8.0,8.0
2157,1345.22,8.0,8.0
2158,3113.0,8.0,7.0
2159,5302.04,8.0,9.0
2160,1172.02,8.0,8.0
2161,999.03,8.0,9.0
2162,5776.04,8.0,9.0
2163,630.09,8.0,6.0
2164,5750.02,8.0,7.0
2165,1331.0,8.0,6.0
2166,5039.02,8.0,6.0
2167,884.01,8.0,6.0
2168,996.02,8.0,8.0
2169,5715.04,8.0,8.0
2170,4631.02,8.0,8.0
2171,1113.01,8.0,8.0
2172,1894.0,8.0,6.0
2173,881.04,8.0,8.0
2174,2712.0,8.0,7.0
2175,5024.02,8.0,8.0
2176,1212.22,8.0,9.0
2177,992.15,8.0,8.0
2178,1901.0,8.0,8.0
2179,5545.14,8.0,7.0
2180,1171.01,8.0,8.0
2181,5318.0,8.0,8.0
2182,992.12,8.0,8.0
2183,2170.02,8.0,9.0
2184,80.02,8.0,8.0
2185,75.12,8.0,6.0
2186,79.03,8.0,6.0
2187,1081.02,8.0,6.0
2188,9201.04,8.0,8.0
2189,9201.02,8.0,8.0
2190,82.02,8.0,8.0
2191,1112.02,8.0,7.0
2192,1175.1,8.0,8.0
2193,1173.02,8.0,6.0
2194,1154.04,8.0,7.0
2195,1201.05,8.0,8.0
2196,1100.05,8.0,6.0
2197,5706.03,8.0,7.0
2198,5549.0,8.0,9.0
2199,1398.02,8.0,7.0
2200,5732.01,8.0,9.0
2201,5720.01,8.0,8.0
2202,2672.0,8.0,8.0
2203,5755.0,8.0,7.0
2204,1249.03,8.0,7.0
2205,1231.03,8.0,9.0
2206,1277.12,8.0,7.0
2207,1190.01,8.0,6.0
2208,744.08,8.0,7.0
2209,1862.02,8.0,5.0
2210,1371.03,8.0,8.0
2211,5719.0,8.0,7.0
2212,9303.01,8.0,7.0
2213,2163.0,8.0,7.0
2214,3105.01,8.0,6.0
2215,1174.07,8.0,8.0
2216,1347.2,8.0,7.0
2217,4600.0,8.0,7.0
2218,1132.33,8.0,8.0
2219,874.03,8.0,7.0
2220,5020.03,8.0,7.0
2221,1345.2,8.0,7.0
2222,889.01,8.0,6.0
2223,5552.11,8.0,9.0
2224,631.03,8.0,6.0
2225,992.51,8.0,7.0
2226,9201.06,8.0,8.0
2227,7005.02,8.0,7.0
2228,1093.0,8.0,6.0
2229,994.05,8.0,8.0
2230,1047.04,8.0,7.0
2231,1435.0,8.0,7.0
2232,5027.0,8.0,8.0
2233,5545.19,8.0,7.0
2234,5552.02,8.0,7.0
2235,5702.04,8.0,8.0
2236,1278.06,8.0,8.0
2237,5750.01,8.0,9.0
2238,5323.04,8.0,6.0
2239,2140.0,8.0,7.0
2240,1287.02,8.0,8.0
2241,2047.0,8.0,5.0
2242,5544.06,8.0,6.0
2243,1899.02,8.0,8.0
2244,992.16,8.0,7.0
2245,81.01,8.0,7.0
2246,85.0,8.0,7.0
2247,5700.01,8.0,6.0
2248,5023.02,8.0,8.0
2249,5707.02,8.0,6.0
2250,3.03,8.0,6.0
2251,1193.2,8.0,8.0
2252,5002.02,8.0,7.0
2253,1101.1,8.0,6.0
2254,5300.05,8.0,6.0
2255,5004.03,8.0,8.0
2256,1895.0,8.0,6.0
2257,5545.18,8.0,7.0
2258,5730.04,8.0,7.0
2259,4811.03,8.0,10.0
2260,633.02,8.0,8.0
2261,2060.32,8.0,6.0
2262,633.01,8.0,9.0
2263,5302.03,8.0,6.0
2264,1132.32,8.0,8.0
2265,1153.02,8.0,6.0
2266,626.29,8.0,8.0
2267,5545.21,8.0,6.0
2268,1351.14,8.0,6.0
2269,84.02,8.0,7.0
2270,5703.03,8.0,6.0
2271,5545.11,8.0,6.0
2272,1240.0,8.0,6.0
2273,629.0,8.0,9.0
2274,1958.02,8.0,5.0
2275,1954.0,8.0,7.0
2276,1201.08,8.0,8.0
2277,2083.01,8.0,7.0
2278,5723.01,8.0,8.0
2279,626.21,8.0,7.0
2280,9201.16,8.0,8.0
2281,5730.03,8.0,7.0
2282,5541.04,8.0,9.0
2283,5321.01,8.0,8.0
2284,83.05,8.0,7.0
2285,4822.02,8.0,7.0
2286,1251.0,8.0,6.0
2287,5541.01,8.0,8.0
2288,5540.02,8.0,7.0
2289,1152.01,8.0,8.0
2290,992.5,8.0,7.0
2291,55.02,8.0,8.0
2292,883.02,8.0,6.0
2293,54.03,8.0,8.0
2294,1278.05,8.0,6.0
2295,5029.02,8.0,7.0
2296,5040.02,8.0,7.0
2297,2044.2,8.0,5.0
2298,1101.11,8.0,6.0
2299,1375.01,8.0,7.0
2300,992.34,8.0,7.0
2301,2146.0,8.0,8.0
2302,4033.12,8.0,9.0
2303,1133.21,8.0,8.0
2304,1151.04,8.0,7.0
2305,1100.07,8.0,7.0
2306,2089.03,8.0,8.0
2307,5029.01,8.0,9.0
2308,1316.0,8.0,8.0
2309,1253.2,8.0,7.0
2310,1349.04,8.0,9.0
2311,1101.09,8.0,7.0
2312,992.41,8.0,7.0
2313,1317.01,8.0,6.0
2314,1100.11,8.0,7.0
2315,1371.04,8.0,9.0
2316,4.0,8.0,9.0
2317,5723.02,8.0,7.0
2318,1098.0,8.0,7.0
2319,1340.02,8.0,8.0
2320,1284.0,8.0,6.0
2321,2038.0,8.0,6.0
2322,5010.01,8.0,7.0
2323,5731.0,8.0,7.0
2324,1091.0,8.0,7.0
2325,1192.01,8.0,7.0
2326,888.02,8.0,7.0
2327,1255.01,8.0,7.0
2328,2679.02,8.0,6.0
2329,4630.0,8.0,7.0
2330,5531.0,8.0,7.0
2331,1432.0,8.0,8.0
2332,5552.12,8.0,7.0
2333,5031.04,8.0,10.0
2334,5021.0,8.0,8.0
2335,5706.01,8.0,5.0
2336,6.0,8.0,10.0
2337,8.0,8.0,8.0
2338,1112.05,8.0,8.0
2339,3115.0,8.0,7.0
2340,5739.02,8.0,6.0
2341,1047.03,8.0,8.0
2342,1100.1,8.0,7.0
2343,887.02,8.0,7.0
2344,1131.01,8.0,8.0
2345,83.06,8.0,7.0
2346,2111.2,8.0,6.0
2347,1975.0,8.0,7.0
2348,1415.0,8.0,7.0
2349,1349.05,8.0,8.0
2350,4034.07,8.0,8.0
2351,53.04,8.0,8.0
2352,5301.02,8.0,9.0
2353,996.01,8.0,9.0
2354,5014.0,8.0,6.0
2355,999.05,8.0,8.0
2356,5501.0,8.0,7.0
2357,5301.01,8.0,8.0
2358,2111.22,8.0,6.0
2359,1958.03,8.0,5.0
2360,4033.22,8.0,7.0
2361,1113.02,8.0,7.0
2362,1101.04,8.0,6.0
2363,1372.01,8.0,7.0
2364,5545.12,8.0,7.0
2365,2612.0,8.0,8.0
2366,2044.1,8.0,6.0
2367,5722.01,8.0,8.0
2368,8004.1,8.0,9.0
2369,55.04,8.0,8.0
2370,55.03,8.0,8.0
2371,5711.02,8.0,7.0
2372,54.01,8.0,7.0
2373,54.04,8.0,8.0
2374,52.03,8.0,7.0
2375,52.02,8.0,8.0
2376,992.04,8.0,8.0
2377,7.02,8.0,8.0
2378,9201.19,8.0,7.0
2379,9201.18,8.0,8.0
2380,4064.02,8.0,9.0
2381,1990.0,8.0,7.0
2382,83.03,8.0,8.0
2383,4080.05,8.0,9.0
2384,14.03,8.0,7.0
2385,5013.0,8.0,7.0
2386,8004.08,8.0,8.0
2387,4033.05,8.0,7.0
2388,5028.01,8.0,9.0
2389,4033.24,8.0,7.0
2390,5545.22,8.0,8.0
2391,1992.02,8.0,7.0
2392,1193.42,8.0,8.0
2393,1413.04,8.0,8.0
2394,4044.01,8.0,9.0
2395,1380.0,8.0,8.0
2396,5718.0,8.0,6.0
2397,5708.0,8.0,7.0
2398,1341.03,8.0,8.0
2399,53.03,8.0,7.0
2400,889.05,8.0,6.0
2401,1882.01,8.0,6.0
2402,1343.05,8.0,8.0
2403,1341.04,8.0,7.0
2404,5724.0,8.0,7.0
2405,5734.01,8.0,8.0
2406,8001.02,8.0,8.0
2407,4033.21,8.0,8.0
2408,5749.02,8.0,8.0
2409,992.17,8.0,8.0
2410,4033.04,8.0,8.0
2411,1153.01,8.0,8.0
2412,998.01,8.0,7.0
2413,4305.01,8.0,6.0
2414,1976.0,8.0,8.0
2415,1412.01,8.0,8.0
2416,5524.0,8.0,9.0
2417,4034.02,8.0,7.0
2418,2111.21,8.0,6.0
2419,639.05,8.0,8.0
2420,83.04,8.0,7.0
2421,998.02,8.0,8.0
2422,884.03,8.0,8.0
2423,5548.02,8.0,6.0
2424,638.07,8.0,7.0
2425,1994.0,8.0,6.0
2426,5703.04,8.0,7.0
2427,1212.1,8.0,8.0
2428,2085.01,8.0,5.0
2429,1920.01,8.0,6.0
2430,4033.16,8.0,8.0
2431,5725.0,8.0,8.0
2432,83.02,8.0,7.0
2433,4046.0,8.0,9.0
2434,5.0,8.0,8.0
2435,992.25,8.0,7.0
2436,1193.1,8.0,7.0
2437,4823.04,8.0,7.0
2438,1852.02,8.0,6.0
2439,997.03,8.0,8.0
2440,2085.02,8.0,6.0
2441,4087.06,8.0,8.0
2442,3112.0,8.0,9.0
2443,52.04,8.0,8.0
2444,1862.03,8.0,6.0
2445,1100.03,8.0,7.0
2446,5742.02,8.0,7.0
2447,4033.19,8.0,8.0
2448,1173.01,8.0,7.0
2449,1152.02,8.0,7.0
2450,1439.01,8.0,8.0
2451,1919.01,8.0,7.0
2452,5041.01,8.0,9.0
2453,5726.0,8.0,7.0
2454,1131.02,8.0,6.0
2455,1375.04,8.0,8.0
2456,4002.07,8.0,9.0
2457,5550.02,8.0,8.0
2458,5744.0,8.0,7.0
2459,2713.0,8.0,9.0
2460,4823.03,8.0,6.0
2461,5727.0,8.0,8.0
2462,1154.01,8.0,9.0
2463,5003.0,8.0,7.0
2464,1923.0,8.0,5.0
2465,635.0,8.0,9.0
2466,1375.02,8.0,8.0
2467,1283.02,8.0,8.0
2468,1958.04,8.0,7.0
2469,1945.0,8.0,7.0
2470,4012.02,8.0,8.0
2471,5729.0,8.0,8.0
2472,992.24,8.0,7.0
2473,5714.0,8.0,8.0
2474,4045.01,8.0,10.0
2475,4004.04,8.0,7.0
2476,4033.23,8.0,7.0
2477,4081.36,8.0,9.0
2478,5026.02,8.0,9.0
2479,56.0,8.0,7.0
2480,5522.0,8.0,7.0
2481,4012.03,8.0,8.0
2482,5026.01,8.0,8.0
2483,992.23,8.0,7.0
2484,4300.03,8.0,7.0
2485,1863.02,8.0,8.0
2486,2148.0,8.0,7.0
2487,2037.1,8.0,8.0
2488,5745.0,8.0,8.0
2489,7.01,8.0,9.0
2490,15.01,8.0,7.0
2491,5012.0,8.0,7.0
2492,2086.1,8.0,6.0
2493,637.02,8.0,8.0
2494,881.06,8.0,8.0
2495,2042.0,8.0,8.0
2496,7001.01,8.0,9.0
2497,53.06,8.0,7.0
2498,5722.02,8.0,7.0
2499,888.01,8.0,7.0
2500,1198.0,8.0,7.0
2501,1436.03,8.0,8.0
2502,7004.0,8.0,9.0
2503,4305.02,8.0,7.0
2504,5736.01,8.0,8.0
2505,2087.2,8.0,7.0
2506,5709.01,8.0,7.0
2507,1411.01,8.0,8.0
2508,4037.03,8.0,9.0
2509,2164.02,8.0,8.0
2510,1343.06,8.0,8.0
2511,1944.01,8.0,7.0
2512,2083.02,8.0,7.0
2513,51.0,8.0,8.0
2514,4058.0,8.0,9.0
2515,889.04,8.0,9.0
2516,7001.02,8.0,8.0
2517,4034.01,8.0,7.0
2518,4038.02,8.0,9.0
2519,4033.03,8.0,8.0
2520,5713.0,8.0,8.0
2521,4034.03,8.0,7.0
2522,1434.0,8.0,7.0
2523,1897.02,8.0,9.0
2524,1431.0,8.0,7.0
2525,875.04,8.0,8.0
2526,1919.02,8.0,6.0
2527,1045.0,8.0,9.0
2528,1151.01,8.0,6.0
2529,5721.0,8.0,7.0
2530,1993.0,8.0,6.0
2531,1212.21,8.0,8.0
2532,638.05,8.0,7.0
2533,4011.01,8.0,8.0
2534,4034.04,8.0,7.0
2535,1288.01,8.0,6.0
2536,5710.0,8.0,8.0
2537,1100.04,8.0,7.0
2538,1255.02,8.0,6.0
2539,4035.0,8.0,8.0
2540,638.06,8.0,7.0
2541,4033.25,8.0,7.0
2542,5545.17,8.0,7.0
2543,1190.02,8.0,9.0
2544,5711.01,8.0,8.0
2545,1194.0,8.0,8.0
2546,2164.01,8.0,9.0
2547,636.05,8.0,8.0
2548,1853.1,8.0,8.0
2549,1992.01,8.0,8.0
2550,637.01,8.0,9.0
2551,1082.02,8.0,6.0
2552,998.03,8.0,7.0
2553,5030.0,8.0,8.0
2554,2084.02,8.0,6.0
2555,1957.2,8.0,7.0
2556,4087.03,8.0,8.0
2557,4044.02,8.0,9.0
2558,4010.01,8.0,7.0
2559,884.02,8.0,8.0
2560,4302.0,8.0,7.0
2561,636.04,8.0,8.0
2562,992.03,8.0,8.0
2563,2031.0,8.0,7.0
2564,5741.0,8.0,9.0
2565,1437.0,8.0,9.0
2566,1998.0,8.0,8.0
2567,1134.21,8.0,8.0
2568,1902.02,8.0,8.0
2569,5712.0,8.0,7.0
2570,4006.04,8.0,8.0
2571,4064.11,8.0,7.0
2572,997.01,8.0,7.0
2573,1898.0,8.0,8.0
2574,2080.0,8.0,7.0
2575,1094.0,8.0,8.0
2576,1413.03,8.0,8.0
2577,2611.01,8.0,7.0
2578,5523.02,8.0,7.0
2579,1920.02,8.0,8.0
2580,5776.03,8.0,8.0
2581,4801.02,8.0,9.0
2582,1256.0,8.0,6.0
2583,4062.0,8.0,8.0
2584,1908.02,8.0,6.0
2585,4006.02,8.0,9.0
2586,5025.0,8.0,9.0
2587,5007.0,8.0,8.0
2588,4013.12,8.0,7.0
2589,4800.02,8.0,8.0
2590,5737.0,8.0,8.0
2591,4800.12,8.0,9.0
2592,7003.0,8.0,7.0
2593,1944.02,8.0,6.0
2594,4063.0,8.0,8.0
2595,1436.04,8.0,7.0
2596,1254.02,8.0,7.0
2597,1413.02,8.0,9.0
2598,4002.04,8.0,8.0
2599,1910.0,8.0,6.0
2600,992.22,8.0,7.0
2601,5004.02,9.0,9.0
2602,639.07,9.0,8.0
2603,638.08,9.0,9.0
2604,1941.01,9.0,9.0
2605,1907.0,9.0,7.0
2606,4824.02,9.0,9.0
2607,2170.01,9.0,8.0
2608,1417.0,9.0,8.0
2609,4802.02,9.0,7.0
2610,1171.02,9.0,7.0
2611,2149.02,9.0,8.0
2612,4037.02,9.0,8.0
2613,4004.02,9.0,8.0
2614,997.02,9.0,8.0
2615,4033.2,9.0,8.0
2616,4013.04,9.0,8.0
2617,1957.1,9.0,7.0
2618,4013.03,9.0,9.0
2619,1289.1,9.0,8.0
2620,4056.0,9.0,7.0
2621,5005.0,9.0,8.0
2622,1956.0,9.0,6.0
2623,4057.01,9.0,9.0
2624,4800.11,9.0,9.0
2625,1942.0,9.0,8.0
2626,4012.01,9.0,7.0
2627,638.02,9.0,8.0
2628,1096.04,9.0,6.0
2629,4087.05,9.0,8.0
2630,5738.0,9.0,7.0
2631,4061.01,9.0,7.0
2632,4054.0,9.0,8.0
2633,5031.03,9.0,10.0
2634,4043.02,9.0,8.0
2635,636.03,9.0,8.0
2636,1896.0,9.0,7.0
2637,4064.12,9.0,8.0
2638,4084.02,9.0,9.0
2639,4036.0,9.0,8.0
2640,5004.04,9.0,8.0
2641,4043.01,9.0,8.0
2642,2691.0,9.0,8.0
2643,2084.01,9.0,7.0
2644,1134.01,9.0,8.0
2645,4085.03,9.0,8.0
2646,2147.0,9.0,8.0
2647,636.01,9.0,8.0
2648,1172.01,9.0,8.0
2649,886.01,9.0,7.0
2650,4039.02,9.0,9.0
2651,639.03,9.0,9.0
2652,1134.22,9.0,8.0
2653,4050.02,9.0,9.0
2654,4024.03,9.0,9.0
2655,5523.01,9.0,7.0
2656,1341.01,9.0,9.0
2657,4013.11,9.0,8.0
2658,4080.03,9.0,8.0
2659,4033.17,9.0,7.0
2660,1897.01,9.0,8.0
2661,4041.0,9.0,7.0
2662,4042.01,9.0,8.0
2663,4300.02,9.0,7.0
2664,999.02,9.0,8.0
2665,4082.12,9.0,9.0
2666,4004.03,9.0,8.0
2667,5742.01,9.0,9.0
2668,2623.01,9.0,8.0
2669,3114.0,9.0,8.0
2670,4010.02,9.0,8.0
2671,4034.06,9.0,7.0
2672,1044.03,9.0,9.0
2673,4008.0,9.0,9.0
2674,2037.2,9.0,8.0
2675,638.03,9.0,8.0
2676,4079.0,9.0,8.0
2677,2036.0,9.0,6.0
2678,4057.02,9.0,8.0
2679,5024.01,9.0,9.0
2680,4066.01,9.0,8.0
2681,4011.02,9.0,9.0
2682,1044.04,9.0,9.0
2683,886.02,9.0,7.0
2684,4080.04,9.0,7.0
2685,4083.02,9.0,8.0
2686,4003.04,9.0,8.0
2687,744.06,9.0,8.0
2688,5748.0,9.0,7.0
2689,5776.02,9.0,8.0
2690,5502.01,9.0,8.0
2691,8005.04,9.0,9.0
2692,4016.01,9.0,8.0
2693,5740.0,9.0,7.0
2694,4045.03,9.0,9.0
2695,4039.01,9.0,9.0
2696,5743.0,9.0,8.0
2697,753.03,9.0,7.0
2698,4045.04,9.0,9.0
2699,4060.0,9.0,7.0
2700,745.01,9.0,10.0
2701,5746.02,9.0,8.0
2702,889.03,9.0,9.0
2703,2622.0,9.0,8.0
2704,4037.22,9.0,9.0
2705,992.29,9.0,9.0
2706,1412.02,9.0,8.0
2707,744.07,9.0,8.0
2708,4061.02,9.0,7.0
2709,4087.04,9.0,8.0
2710,1416.0,9.0,8.0
2711,1044.01,9.0,9.0
2712,999.04,9.0,8.0
2713,750.04,9.0,8.0
2714,4087.24,9.0,8.0
2715,7002.0,9.0,7.0
2716,4801.01,9.0,9.0
2717,746.02,9.0,10.0
2718,4825.03,9.0,8.0
2719,4631.01,9.0,9.0
2720,4065.0,9.0,7.0
2721,639.02,9.0,8.0
2722,4825.02,9.0,8.0
2723,4034.08,9.0,7.0
2724,639.08,9.0,8.0
2725,1096.03,9.0,7.0
2726,4015.0,9.0,8.0
2727,992.47,9.0,9.0
2728,4081.37,9.0,7.0
2729,4016.03,9.0,9.0
2730,4812.02,9.0,10.0
2731,4024.05,9.0,9.0
2732,4027.03,9.0,9.0
2733,4337.0,9.0,9.0
2734,1941.02,9.0,9.0
2735,885.01,9.0,9.0
2736,4825.22,9.0,9.0
2737,889.02,9.0,8.0
2738,5006.0,9.0,9.0
2739,992.27,9.0,9.0
2740,4042.02,9.0,8.0
2741,4005.01,9.0,9.0
2742,992.26,9.0,8.0
2743,1997.0,9.0,8.0
2744,1955.0,9.0,6.0
2745,4082.11,9.0,8.0
2746,5749.01,9.0,7.0
2747,4026.0,9.0,8.0
2748,753.01,9.0,7.0
2749,4040.0,9.0,7.0
2750,4024.06,9.0,8.0
2751,5009.0,9.0,8.0
2752,4335.03,9.0,9.0
2753,4824.01,9.0,7.0
2754,4029.04,9.0,8.0
2755,744.05,9.0,9.0
2756,741.07,9.0,7.0
2757,4307.01,9.0,9.0
2758,4003.02,9.0,8.0
2759,4029.03,9.0,9.0
2760,4075.02,9.0,8.0
2761,4080.06,9.0,7.0
2762,4017.01,9.0,9.0
2763,1096.01,9.0,6.0
2764,4023.03,9.0,9.0
2765,4034.05,9.0,7.0
2766,890.03,9.0,9.0
2767,4018.0,9.0,8.0
2768,4322.01,9.0,9.0
2769,4002.06,9.0,8.0
2770,1192.02,9.0,7.0
2771,891.06,9.0,9.0
2772,4009.0,9.0,8.0
2773,5500.0,9.0,7.0
2774,4336.02,9.0,7.0
2775,4081.34,9.0,7.0
2776,4303.02,9.0,9.0
2777,4019.02,9.0,7.0
2778,4017.04,9.0,8.0
2779,4055.0,9.0,8.0
2780,4020.01,9.0,8.0
2781,4020.02,9.0,7.0
2782,4310.01,9.0,8.0
2783,4088.0,9.0,9.0
2784,4028.01,9.0,9.0
2785,4084.01,9.0,9.0
2786,4002.05,9.0,7.0
2787,4028.04,9.0,10.0
2788,4303.01,9.0,7.0
2789,4081.41,9.0,7.0
2790,4067.02,9.0,8.0
2791,4027.02,9.0,9.0
2792,4027.06,9.0,10.0
2793,4338.02,9.0,8.0
2794,4053.02,9.0,9.0
2795,3116.0,9.0,7.0
2796,4066.02,9.0,8.0
2797,4028.03,9.0,9.0
2798,890.01,9.0,9.0
2799,4024.02,9.0,8.0
2800,4304.0,9.0,8.0
2801,4301.01,9.0,7.0
2802,4027.05,9.0,9.0
2803,4336.01,9.0,7.0
2804,4059.0,9.0,8.0
2805,4016.02,9.0,8.0
2806,745.02,9.0,8.0
2807,4081.35,9.0,7.0
2808,4023.04,9.0,9.0
2809,4087.22,9.0,8.0
2810,4081.4,9.0,7.0
2811,4029.02,9.0,8.0
2812,4078.01,9.0,9.0
2813,4050.01,9.0,8.0
2814,4017.03,9.0,8.0
2815,750.03,9.0,9.0
2816,4033.18,9.0,8.0
2817,4021.01,9.0,10.0
2818,4021.02,9.0,9.0
2819,4087.23,9.0,9.0
2820,4301.02,9.0,7.0
2821,4340.04,9.0,8.0
2822,4085.04,9.0,8.0
2823,4307.24,9.0,9.0
2824,4085.01,9.0,9.0
2825,4086.23,9.0,8.0
2826,4030.0,9.0,8.0
2827,4025.02,9.0,8.0
2828,4023.01,9.0,9.0
2829,4813.0,9.0,8.0
2830,4086.28,9.0,9.0
2831,4077.01,9.0,9.0
2832,4022.0,9.0,9.0
2833,4086.27,9.0,8.0
2834,4078.02,9.0,8.0
2835,4053.01,9.0,8.0
2836,4086.26,9.0,9.0
2837,744.03,9.0,10.0
2838,4812.01,9.0,8.0
2839,750.02,9.0,10.0
2840,4307.23,9.0,8.0
2841,4077.02,9.0,9.0
2842,4310.02,9.0,7.0
2843,4025.01,9.0,8.0
2844,4076.02,9.0,9.0
2845,5028.02,9.0,8.0
2846,2035.0,9.0,7.0
2847,4081.33,9.0,9.0
2848,4068.0,9.0,8.0
2849,4081.39,9.0,9.0
2850,4051.01,10.0,9.0
2851,4085.05,10.0,9.0
2852,4048.03,10.0,8.0
2853,885.02,10.0,9.0
2854,751.0,10.0,9.0
2855,4311.0,10.0,8.0
2856,4309.01,10.0,9.0
2857,4086.31,10.0,8.0
2858,4081.38,10.0,9.0
2859,761.03,10.0,9.0
2860,4314.0,10.0,9.0
2861,4338.01,10.0,8.0
2862,4306.0,10.0,9.0
2863,4086.24,10.0,8.0
2864,4049.01,10.0,10.0
2865,4312.0,10.0,9.0
2866,4322.02,10.0,9.0
2867,4072.0,10.0,9.0
2868,749.01,10.0,10.0
2869,743.0,10.0,8.0
2870,4052.01,10.0,9.0
2871,4086.25,10.0,9.0
2872,992.48,10.0,8.0
2873,4076.01,10.0,9.0
2874,4069.02,10.0,8.0
2875,4052.03,10.0,8.0
2876,4307.21,10.0,9.0
2877,4331.02,10.0,9.0
2878,741.06,10.0,8.0
2879,4067.01,10.0,9.0
2880,4069.01,10.0,8.0
2881,4086.3,10.0,9.0
2882,4313.0,10.0,9.0
2883,4334.01,10.0,9.0
2884,4086.29,10.0,8.0
2885,749.02,10.0,10.0
2886,4052.02,10.0,9.0
2887,4083.03,10.0,9.0
2888,4335.04,10.0,10.0
2889,4051.02,10.0,10.0
2890,4074.0,10.0,8.0
2891,4082.02,10.0,9.0
2892,890.04,10.0,8.0
2893,746.01,10.0,10.0
2894,4075.01,10.0,9.0
2895,4308.01,10.0,8.0
2896,747.02,10.0,10.0
2897,4073.01,10.0,10.0
2898,4049.03,10.0,10.0
2899,741.11,10.0,8.0
2900,4308.02,10.0,9.0
2901,4309.02,10.0,8.0
2902,4340.03,10.0,8.0
2903,742.0,10.0,10.0
2904,4340.01,10.0,8.0
2905,741.08,10.0,10.0
2906,753.02,10.0,9.0
2907,891.07,10.0,9.0
2908,4339.01,10.0,8.0
2909,4070.01,10.0,10.0
2910,740.03,10.0,7.0
2911,4318.0,10.0,9.0
2912,4073.02,10.0,9.0
2913,741.1,10.0,8.0
2914,4070.02,10.0,9.0
2915,4315.02,10.0,10.0
2916,740.06,10.0,8.0
2917,4334.02,10.0,8.0
2918,4339.02,10.0,8.0
2919,4048.02,10.0,9.0
2920,4329.02,10.0,9.0
2921,4071.02,10.0,10.0
2922,4333.02,10.0,8.0
2923,4321.02,10.0,8.0
2924,4320.0,10.0,9.0
2925,4308.03,10.0,9.0
2926,740.05,10.0,7.0
2927,4049.02,10.0,10.0
2928,748.06,10.0,10.0
2929,4329.01,10.0,8.0
2930,4327.0,10.0,8.0
2931,4071.01,10.0,9.0
2932,748.01,10.0,10.0
2933,4048.01,10.0,9.0
2934,4315.01,10.0,9.0
2935,4334.03,10.0,8.0
2936,740.04,10.0,7.0
2937,4319.0,10.0,9.0
2938,4083.01,10.0,9.0
2939,4328.02,10.0,9.0
2940,4324.01,10.0,10.0
2941,4316.0,10.0,9.0
2942,4325.0,10.0,10.0
2943,4332.0,10.0,8.0
2944,4331.01,10.0,9.0
2945,4328.01,10.0,9.0
2946,741.09,10.0,9.0
2947,4326.02,10.0,10.0
2948,4047.02,10.0,9.0
2949,4317.0,10.0,8.0
2950,741.02,10.0,9.0
2951,4321.01,10.0,9.0
2952,752.02,10.0,9.0
2953,4047.03,10.0,10.0
2954,4047.01,10.0,9.0
2955,747.01,10.0,9.0
2956,748.02,10.0,10.0
2957,741.03,10.0,8.0
2958,4333.06,10.0,9.0
2959,992.02,10.0,9.0
2960,748.03,10.0,9.0
2961,4333.05,10.0,9.0
2962,891.02,10.0,9.0
2963,4324.02,10.0,10.0
2964,891.04,10.0,9.0
2965,4323.0,10.0,9.0
2966,4333.07,10.0,9.0
2967,4326.01,10.0,9.0
2968,992.49,10.0,9.0
2969,891.05,10.0,9.0
2970,748.05,10.0,10.0
2971,752.01,10.0,10.0
2972,4333.04,10.0,9.0
